"first.author","title","species","sex","age","lat","lon","study.location","study.date","tag.type","tag.mass","body.mass","forearm","body.mass.recap","date.retrieval","time.retieval","duration","landscape","emergence.firstnight","emergence.secondnight","em.both","flight.duration.firstnight","flight.duration.secondnight","fd.both","travelled.distance.firstnight","max.distance.roost.firstnight","travelled.distance.secondnight","max.distance.roost.secondnight","repository","ID.bat.tag","comment","scheduled_timeinterval_s","body.condition","rel.tag.mass","type"
"Voigt","Movement responses of common noctule bats to the illuminated urban landscape","Nyctalus noctula","male","adult",52.547391,13.532654,"Marzahn Berlin",2017-07-03,"untagged",0,29.5,54,29,"","",5,"urban",NA,NA,NA,NA,NA,NA,NA,NA,NA,NA,NA,"E442042","-0.5",NA,0.546296296296296,0,"untagged"
"Voigt","Movement responses of common noctule bats to the illuminated urban landscape","Nyctalus noctula","male","adult",52.547391,13.532654,"Marzahn Berlin",2017-07-05,"untagged",0,32.5,55.3,28.5,"","",3,"urban",NA,NA,NA,NA,NA,NA,NA,NA,NA,NA,NA,"E442047","-4",NA,0.587703435804702,0,"untagged"
"Voigt","Movement responses of common noctule bats to the illuminated urban landscape","Nyctalus noctula","male","adult",52.547391,13.532654,"Marzahn Berlin",2017-07-05,"untagged",0,33,51.7,29.5,"","",3,"urban",NA,NA,NA,NA,NA,NA,NA,NA,NA,NA,NA,"E442050","-3.5",NA,0.638297872340425,0,"untagged"
"Voigt","Movement responses of common noctule bats to the illuminated urban landscape","Nyctalus noctula","male","adult",52.547391,13.532654,"Marzahn Berlin",2017-07-05,"untagged",0,33,54.1,29,"","",12,"urban",NA,NA,NA,NA,NA,NA,NA,NA,NA,NA,NA,"E442044","-4",NA,0.609981515711645,0,"untagged"
"Voigt","Movement responses of common noctule bats to the illuminated urban landscape","Nyctalus noctula","female","adult",52.547391,13.532654,"Marzahn Berlin",2017-07-07,"untagged",0,30,53.2,29,"","",1,"urban",NA,NA,NA,NA,NA,NA,NA,NA,NA,NA,NA,"E442051","-1",NA,0.56390977443609,0,"untagged"
"Voigt","Movement responses of common noctule bats to the illuminated urban landscape","Nyctalus noctula","male","adult",52.547391,13.532654,"Marzahn Berlin",2017-07-22,"untagged",0,29.5,50.6,29.5,"","",1,"urban",NA,NA,NA,NA,NA,NA,NA,NA,NA,NA,NA,"E442060","0",NA,0.58300395256917,0,"untagged"
"Voigt","Movement responses of common noctule bats to the illuminated urban landscape","Nyctalus noctula","male","adult",52.547391,13.532654,"Marzahn Berlin",2017-08-02,"untagged",0,32.5,52.9,30.5,"","",1,"urban",NA,NA,NA,NA,NA,NA,NA,NA,NA,NA,NA,"E435846","-2",NA,0.614366729678639,0,"untagged"
"Voigt","Movement responses of common noctule bats to the illuminated urban landscape","Nyctalus noctula","male","adult",52.547391,13.532654,"Marzahn Berlin",2017-08-02,"untagged",0,28,50.8,25,"","",5,"urban",NA,NA,NA,NA,NA,NA,NA,NA,NA,NA,NA,"E442066","-3",NA,0.551181102362205,0,"untagged"
"Voigt","Movement responses of common noctule bats to the illuminated urban landscape","Nyctalus noctula","male","adult",52.547391,13.532654,"Marzahn Berlin",2017-08-02,"untagged",0,30,52.2,28,"","",7,"urban",NA,NA,NA,NA,NA,NA,NA,NA,NA,NA,NA,"E442067","-2",NA,0.574712643678161,0,"untagged"
"Voigt","Movement responses of common noctule bats to the illuminated urban landscape","Nyctalus noctula","male","adult",52.547391,13.532654,"Marzahn Berlin",2017-08-02,"untagged",0,29,52.6,26.5,"","",13,"urban",NA,NA,NA,NA,NA,NA,NA,NA,NA,NA,NA,"E435840","-2.5",NA,0.551330798479087,0,"untagged"
"Voigt","Movement responses of common noctule bats to the illuminated urban landscape","Nyctalus noctula","male","adult",52.547391,13.532654,"Marzahn Berlin",2017-08-07,"untagged",0,29,54.2,29,"","",2,"urban",NA,NA,NA,NA,NA,NA,NA,NA,NA,NA,NA,"E442069","0",NA,0.535055350553506,0,"untagged"
"Voigt","Movement responses of common noctule bats to the illuminated urban landscape","Nyctalus noctula","female","adult",52.547391,13.532654,"Marzahn Berlin",2017-08-07,"untagged",0,27,53.8,27,"","",8,"urban",NA,NA,NA,NA,NA,NA,NA,NA,NA,NA,NA,"E436491","0",NA,0.50185873605948,0,"untagged"
"Voigt","Movement responses of common noctule bats to the illuminated urban landscape","Nyctalus noctula","female","adult",52.547391,13.532654,"Marzahn Berlin",2017-08-07,"untagged",0,26,52.4,24.5,"","",8,"urban",NA,NA,NA,NA,NA,NA,NA,NA,NA,NA,NA,"E442071","-1.5",NA,0.49618320610687,0,"untagged"
"Voigt","Movement responses of common noctule bats to the illuminated urban landscape","Nyctalus noctula","male","adult",52.547391,13.532654,"Marzahn Berlin",2017-08-09,"untagged",0,28.5,51.7,28,"","",6,"urban",NA,NA,NA,NA,NA,NA,NA,NA,NA,NA,NA,"E442062","-0.5",NA,0.551257253384913,0,"untagged"
"Voigt","Movement responses of common noctule bats to the illuminated urban landscape","Nyctalus noctula","male","adult",52.547391,13.532654,"Marzahn Berlin",2017-08-15,"untagged",0,29,52,31,"","",1,"urban",NA,NA,NA,NA,NA,NA,NA,NA,NA,NA,NA,"E435805","2",NA,0.557692307692308,0,"untagged"
"Roeleke","Insectivorous bats form mobile sensory networks to optimize prey localization:","Nyctalus noctula","male","adult",53.348847,13.777486,"Dedelow Uckermark",2018-05-12,"ATLAS, TAU",0.9,27.5,53.2,NA,"","",NA,"farmland",16,14,16,23,38,23,4,1.4,9,3.8,"movebank, 1285310504","2052","",8,0.516917293233083,3.27272727272727,"< 5 %"
"Roeleke","Insectivorous bats form mobile sensory networks to optimize prey localization:","Nyctalus noctula","female","adult",53.348847,13.777486,"Dedelow Uckermark",2018-05-12,"ATLAS, TAU",0.9,31.5,54.9,NA,"","",NA,"farmland",13,26,13,40,81,40,10,2.6,15,3.1,"movebank, 1285310505","2055","",8,0.573770491803279,2.85714285714286,"< 5 %"
"Roeleke","Insectivorous bats form mobile sensory networks to optimize prey localization:","Nyctalus noctula","male","adult",53.348847,13.777486,"Dedelow Uckermark",2018-05-12,"ATLAS, TAU",0.9,25,52.5,NA,"","",NA,"farmland",15,22,15,35,27,35,8,2.7,7,5.5,"movebank, 1285310506","2058","",8,0.476190476190476,3.6,"< 5 %"
"Roeleke","Insectivorous bats form mobile sensory networks to optimize prey localization:","Nyctalus noctula","female","adult",53.348847,13.777486,"Dedelow Uckermark",2018-05-12,"ATLAS, TAU",0.9,32.5,55.5,NA,"","",NA,"farmland",18,NA,18,32,NA,32,7,2.5,NA,NA,"movebank, 1285310507","2059","",8,0.585585585585586,2.76923076923077,"< 5 %"
"Roeleke","Insectivorous bats form mobile sensory networks to optimize prey localization:","Nyctalus noctula","female","adult",53.348847,13.777486,"Dedelow Uckermark",2018-05-12,"ATLAS, TAU",0.9,33.5,54.9,NA,"","",NA,"farmland",24,56,24,63,51,63,12,3.3,8,2.9,"movebank, 1285310508","2060","",8,0.610200364298725,2.6865671641791,"< 5 %"
"Roeleke","Insectivorous bats form mobile sensory networks to optimize prey localization:","Nyctalus noctula","female","adult",53.348847,13.777486,"Dedelow Uckermark",2019-05-12,"ATLAS, TAU",1.2,27,53.4,NA,"","",NA,"farmland",NA,37,37,NA,27,27,NA,NA,9,3.3,"movebank, 1285310509","2195","",8,0.50561797752809,4.44444444444444,"< 5 %"
"Roeleke","Insectivorous bats form mobile sensory networks to optimize prey localization:","Nyctalus noctula","female","adult",53.348847,13.777486,"Dedelow Uckermark",2019-05-12,"ATLAS, TAU",1.2,27,54.3,NA,"","",NA,"farmland",NA,29,29,NA,36,36,NA,NA,10,4.1,"movebank, 1285310510","2198","",8,0.497237569060773,4.44444444444444,"< 5 %"
"Roeleke","Insectivorous bats form mobile sensory networks to optimize prey localization:","Nyctalus noctula","female","adult",53.348847,13.777486,"Dedelow Uckermark",2019-05-12,"ATLAS, TAU",1.2,26,55.4,NA,"","",NA,"farmland",39,NA,5,31,NA,31,8,3.4,NA,NA,"movebank, 1285310511","2200","",8,0.469314079422383,4.61538461538461,"< 5 %"
"Roeleke","Insectivorous bats form mobile sensory networks to optimize prey localization:","Nyctalus noctula","female","adult",53.348847,13.777486,"Dedelow Uckermark",2019-05-12,"ATLAS, TAU",1.2,26,54.4,NA,"","",NA,"farmland",48,NA,16,18,NA,18,4,3.1,NA,NA,"movebank, 1285310512","2201","",8,0.477941176470588,4.61538461538461,"< 5 %"
"Roeleke","Insectivorous bats form mobile sensory networks to optimize prey localization:","Nyctalus noctula","female","adult",53.348847,13.777486,"Dedelow Uckermark",2019-05-12,"ATLAS, TAU",1.2,25,54.9,NA,"","",NA,"farmland",20,NA,20,30,NA,30,3,1.2,NA,NA,"movebank, 1285310513","2206","",8,0.455373406193078,4.8,"< 5 %"
"Roeleke","Insectivorous bats form mobile sensory networks to optimize prey localization:","Nyctalus noctula","female","adult",53.348847,13.777486,"Dedelow Uckermark",2019-05-12,"ATLAS, TAU",1.2,25,55.6,NA,"","",NA,"farmland",25,NA,25,54,NA,54,11,4.5,NA,NA,"movebank, 1285310514","2208","",8,0.449640287769784,4.8,"< 5 %"
"Roeleke","Insectivorous bats form mobile sensory networks to optimize prey localization:","Nyctalus noctula","female","adult",53.348847,13.777486,"Dedelow Uckermark",2019-05-12,"ATLAS, TAU",1.2,26,52.6,NA,"","",NA,"farmland",32,NA,32,40,NA,40,8,2.1,NA,NA,"movebank, 1285310515","2210","",8,0.494296577946768,4.61538461538461,"< 5 %"
"Roeleke","Insectivorous bats form mobile sensory networks to optimize prey localization:","Nyctalus noctula","female","adult",53.348847,13.777486,"Dedelow Uckermark",2019-05-12,"ATLAS, TAU",1.2,25,54.4,NA,"","",NA,"farmland",25,NA,25,34,NA,34,12,3.9,NA,NA,"movebank, 1285310516","2211","",8,0.459558823529412,4.8,"< 5 %"
"Roeleke","Insectivorous bats form mobile sensory networks to optimize prey localization:","Nyctalus noctula","female","adult",53.348847,13.777486,"Dedelow Uckermark",2019-05-12,"ATLAS, TAU",1.2,26,54,NA,"","",NA,"farmland",27,NA,27,45,NA,45,9,4.3,NA,NA,"movebank, 1285310517","2212","",8,0.481481481481481,4.61538461538461,"< 5 %"
"Roeleke","Insectivorous bats form mobile sensory networks to optimize prey localization:","Nyctalus noctula","male","adult",53.348847,13.777486,"Dedelow Uckermark",2019-05-12,"ATLAS, TAU",1.2,25,55.9,NA,"","",NA,"farmland",56,38,56,15,19,15,4,2.4,4,3.8,"movebank, 1285310518","2216","",8,0.447227191413238,4.8,"< 5 %"
"Roeleke","Insectivorous bats form mobile sensory networks to optimize prey localization:","Nyctalus noctula","male","adult",53.348847,13.777486,"Dedelow Uckermark",2019-08-22,"ATLAS, TAU",1.2,25.5,53.5,NA,"","",NA,"farmland",16,NA,16,61,NA,61,16,6.4,NA,NA,"movebank, 1285310519","2298","",8,0.476635514018692,4.70588235294118,"< 5 %"
"Roeleke","Insectivorous bats form mobile sensory networks to optimize prey localization:","Nyctalus noctula","female","adult",53.348847,13.777486,"Dedelow Uckermark",2019-08-22,"ATLAS, TAU",1.2,24,55.1,NA,"","",NA,"farmland",16,5,16,58,130,58,11,4.6,27,3.7,"movebank, 1285310520","2299","",8,0.43557168784029,5,"5 to < 10 %"
"Roeleke","Insectivorous bats form mobile sensory networks to optimize prey localization:","Nyctalus noctula","female","adult",53.348847,13.777486,"Dedelow Uckermark",2019-08-22,"ATLAS, TAU",1.2,23.5,52.7,NA,"","",NA,"farmland",24,NA,24,25,NA,25,9,5.8,NA,NA,"movebank, 1285310521","2300","",8,0.445920303605313,5.1063829787234,"5 to < 10 %"
"Roeleke","Insectivorous bats form mobile sensory networks to optimize prey localization:","Nyctalus noctula","male","adult",53.348847,13.777486,"Dedelow Uckermark",2019-08-22,"ATLAS, TAU",1.2,25,52.5,NA,"","",NA,"farmland",20,NA,20,46,NA,46,15,7.4,NA,NA,"movebank, 1285310522","2303","",8,0.476190476190476,4.8,"< 5 %"
"Roeleke","Insectivorous bats form mobile sensory networks to optimize prey localization:","Nyctalus noctula","male","adult",53.348847,13.777486,"Dedelow Uckermark",2019-08-22,"ATLAS, TAU",1.2,24,52.9,NA,"","",NA,"farmland",174,5,174,21,109,21,6,1.7,21,4.4,"movebank, 1285310523","2304","",8,0.453686200378072,5,"5 to < 10 %"
"Roeleke","Insectivorous bats form mobile sensory networks to optimize prey localization:","Nyctalus noctula","male","adult",53.348847,13.777486,"Dedelow Uckermark",2019-08-22,"ATLAS, TAU",1.2,25,53.2,NA,"","",NA,"farmland",16,NA,16,35,NA,35,10,5,NA,NA,"movebank, 1285310524","2306","",8,0.469924812030075,4.8,"< 5 %"
"Roeleke","Insectivorous bats form mobile sensory networks to optimize prey localization:","Nyctalus noctula","female","adult",53.348847,13.777486,"Dedelow Uckermark",2019-08-22,"ATLAS, TAU",1.2,25,54.6,NA,"","",NA,"farmland",16,NA,16,71,NA,71,17,4,NA,NA,"movebank, 1285310525","2308","",8,0.457875457875458,4.8,"< 5 %"
"Roeleke","Insectivorous bats form mobile sensory networks to optimize prey localization:","Nyctalus noctula","female","adult",53.348847,13.777486,"Dedelow Uckermark",2019-08-22,"ATLAS, TAU",1.2,26.5,55.8,NA,"","",NA,"farmland",NA,5,5,NA,47,47,NA,NA,12,5.9,"movebank, 1285310526","2309","",8,0.474910394265233,4.52830188679245,"< 5 %"
"Roeleke","Insectivorous bats form mobile sensory networks to optimize prey localization:","Nyctalus noctula","male","adult",53.348847,13.777486,"Dedelow Uckermark",2019-08-22,"ATLAS, TAU",1.2,24.5,53.6,NA,"","",NA,"farmland",16,3,16,34,42,34,11,7.4,20,7,"movebank, 1285310527","2313","",8,0.457089552238806,4.89795918367347,"< 5 %"
"Roeleke","Insectivorous bats form mobile sensory networks to optimize prey localization:","Nyctalus noctula","female","adult",53.348847,13.777486,"Dedelow Uckermark",2019-08-22,"ATLAS, TAU",1.2,24.5,52.9,NA,"","",NA,"farmland",16,4,16,75,161,75,16,2.8,35,5,"movebank, 1285310528","2314","",8,0.463137996219282,4.89795918367347,"< 5 %"
"Roeleke","Insectivorous bats form mobile sensory networks to optimize prey localization:","Nyctalus noctula","female","adult",53.348847,13.777486,"Dedelow Uckermark",2019-08-22,"ATLAS, TAU",1.2,24,53,NA,"","",NA,"farmland",16,45,16,53,139,53,13,5.7,14,5,"movebank, 1285310529","2317","",8,0.452830188679245,5,"5 to < 10 %"
"Roeleke","Insectivorous bats form mobile sensory networks to optimize prey localization:","Nyctalus noctula","male","adult",53.348847,13.777486,"Dedelow Uckermark",2019-08-22,"ATLAS, TAU",1.2,24,52.5,NA,"","",NA,"farmland",16,212,16,52,12,52,15,4.3,4,3.8,"movebank, 1285310530","2320","",8,0.457142857142857,5,"5 to < 10 %"
"Roeleke","Insectivorous bats form mobile sensory networks to optimize prey localization:","Nyctalus noctula","female","adult",53.348847,13.777486,"Dedelow Uckermark",2019-08-22,"ATLAS, TAU",1.2,25.5,53.3,NA,"","",NA,"farmland",16,4,16,48,46,48,8,2.9,9,1.7,"movebank, 1285310531","2321","",8,0.478424015009381,4.70588235294118,"< 5 %"
"Roeleke","Insectivorous bats form mobile sensory networks to optimize prey localization:","Nyctalus noctula","female","adult",53.348847,13.777486,"Dedelow Uckermark",2019-08-22,"ATLAS, TAU",1.2,24,52.8,NA,"","",NA,"farmland",68,7,68,33,54,33,9,6,17,4.6,"movebank, 1285310532","2322","",8,0.454545454545455,5,"5 to < 10 %"
"Roeleke","Insectivorous bats form mobile sensory networks to optimize prey localization:","Nyctalus noctula","male","adult",53.348847,13.777486,"Dedelow Uckermark",2019-08-22,"ATLAS, TAU",1.2,26,52.8,NA,"","",NA,"farmland",16,7,16,46,59,46,10,5.1,17,5,"movebank, 1285310533","2324","",8,0.492424242424242,4.61538461538461,"< 5 %"
"Roeleke","Insectivorous bats form mobile sensory networks to optimize prey localization:","Nyctalus noctula","male","adult",53.348847,13.777486,"Dedelow Uckermark",2019-08-22,"ATLAS, TAU",1.2,24,53,NA,"","",NA,"farmland",16,NA,16,63,NA,63,11,5.5,NA,NA,"movebank, 1285310534","2325","",8,0.452830188679245,5,"5 to < 10 %"
"Roeleke","Insectivorous bats form mobile sensory networks to optimize prey localization:","Nyctalus noctula","female","adult",53.348847,13.777486,"Dedelow Uckermark",2020-05-10,"ATLAS, TAU",1.2,30,55.4,NA,"","",NA,"farmland",-13,NA,-13,69,NA,69,16,2.2,NA,NA,"movebank, 1285310535","2327","",8,0.541516245487365,4,"< 5 %"
"Roeleke","Insectivorous bats form mobile sensory networks to optimize prey localization:","Nyctalus noctula","female","adult",53.348847,13.777486,"Dedelow Uckermark",2020-05-10,"ATLAS, TAU",1.2,26.5,54.7,NA,"","",NA,"farmland",-12,NA,-12,29,NA,29,10,4.7,NA,NA,"movebank, 1285310538","2330","",8,0.484460694698355,4.52830188679245,"< 5 %"
"Roeleke","Insectivorous bats form mobile sensory networks to optimize prey localization:","Nyctalus noctula","female","adult",53.348847,13.777486,"Dedelow Uckermark",2020-05-10,"ATLAS, TAU",1.2,29.5,NA,NA,"","",NA,"farmland",-13,NA,-13,71,NA,71,12,1.7,NA,NA,"movebank, 1285310539","2331","",8,NA,4.06779661016949,"< 5 %"
"Roeleke","Insectivorous bats form mobile sensory networks to optimize prey localization:","Nyctalus noctula","female","adult",53.348847,13.777486,"Dedelow Uckermark",2020-05-10,"ATLAS, TAU",1.2,25.5,53.7,NA,"","",NA,"farmland",-13,NA,-13,37,NA,37,6,1.8,NA,NA,"movebank, 1285310542","2338","",8,0.474860335195531,4.70588235294118,"< 5 %"
"Roeleke","Insectivorous bats form mobile sensory networks to optimize prey localization:","Nyctalus noctula","female","adult",53.348847,13.777486,"Dedelow Uckermark",2020-05-10,"ATLAS, TAU",1.2,27.5,55.4,NA,"","",NA,"farmland",-12,NA,-12,71,NA,71,10,1.7,NA,NA,"movebank, 1285310546","2346","",8,0.496389891696751,4.36363636363636,"< 5 %"
"Roeleke","Insectivorous bats form mobile sensory networks to optimize prey localization:","Nyctalus noctula","female","adult",53.348847,13.777486,"Dedelow Uckermark",2020-05-10,"ATLAS, TAU",1.2,30.5,55.4,NA,"","",NA,"farmland",-13,NA,-13,74,NA,74,14,3.8,NA,NA,"movebank, 1285310551","2355","",8,0.550541516245487,3.9344262295082,"< 5 %"
"Roeleke","Insectivorous bats form mobile sensory networks to optimize prey localization:","Nyctalus noctula","female","adult",53.348847,13.777486,"Dedelow Uckermark",2020-05-10,"ATLAS, TAU",1.2,28,54.9,NA,"","",NA,"farmland",12,NA,12,20,NA,20,3,0.4,NA,NA,"movebank, 1285310552","2356","",8,0.510018214936248,4.28571428571429,"< 5 %"
"Roeleke","Insectivorous bats form mobile sensory networks to optimize prey localization:","Nyctalus noctula","female","adult",53.348847,13.777486,"Dedelow Uckermark",2020-05-10,"ATLAS, TAU",1.2,32,55.9,NA,"","",NA,"farmland",46,NA,46,11,NA,11,3,1.3,NA,NA,"movebank, 1285310556","2365","",8,0.572450805008945,3.75,"< 5 %"
"Roeleke","Insectivorous bats form mobile sensory networks to optimize prey localization:","Nyctalus noctula","female","adult",53.348847,13.777486,"Dedelow Uckermark",2020-05-10,"ATLAS, TAU",1.2,27.5,54.3,NA,"","",NA,"farmland",NA,16,16,NA,32,32,NA,NA,10,6.1,"movebank, 1285310557","2366","",8,0.506445672191529,4.36363636363636,"< 5 %"
"Roeleke","Insectivorous bats form mobile sensory networks to optimize prey localization:","Nyctalus noctula","female","adult",53.348847,13.777486,"Dedelow Uckermark",2020-05-10,"ATLAS, TAU",1.2,28,56,NA,"","",NA,"farmland",-12,NA,-12,70,NA,70,12,1.6,NA,NA,"movebank, 1285310559","2369","",8,0.5,4.28571428571429,"< 5 %"
"Roeleke","Insectivorous bats form mobile sensory networks to optimize prey localization:","Nyctalus noctula","female","adult",53.348847,13.777486,"Dedelow Uckermark",2020-05-10,"ATLAS, TAU",1.2,29.5,56.2,NA,"","",NA,"farmland",27,NA,27,30,NA,30,11,2.3,NA,NA,"movebank, 1285310560","2370","",8,0.52491103202847,4.06779661016949,"< 5 %"
"Roeleke","Insectivorous bats form mobile sensory networks to optimize prey localization:","Nyctalus noctula","female","adult",53.348847,13.777486,"Dedelow Uckermark",2020-05-10,"ATLAS, TAU",1.2,30,55.4,NA,"","",NA,"farmland",-12,NA,-12,73,NA,73,15,2.9,NA,NA,"movebank, 1285310562","2373","",8,0.541516245487365,4,"< 5 %"
"Roeleke","Insectivorous bats form mobile sensory networks to optimize prey localization:","Nyctalus noctula","female","adult",53.348847,13.777486,"Dedelow Uckermark",2020-05-10,"ATLAS, TAU",1.2,26.5,53.8,NA,"","",NA,"farmland",-5,NA,-5,56,NA,56,14,1.9,NA,NA,"movebank, 1285310563","2375","",8,0.492565055762082,4.52830188679245,"< 5 %"
"Roeleke","Insectivorous bats form mobile sensory networks to optimize prey localization:","Nyctalus noctula","female","adult",53.348847,13.777486,"Dedelow Uckermark",2020-07-23,"ATLAS, TAU",1.3,31,56.1,NA,"","",NA,"farmland",34,NA,34,33,NA,33,4,1,NA,NA,"movebank, 1285310536","2328","",8,0.552584670231729,4.19354838709677,"< 5 %"
"Roeleke","Insectivorous bats form mobile sensory networks to optimize prey localization:","Nyctalus noctula","female","adult",53.348847,13.777486,"Dedelow Uckermark",2020-07-23,"ATLAS, TAU",1.3,29,55.3,NA,"","",NA,"farmland",39,NA,39,21,NA,21,6,2.1,NA,NA,"movebank, 1285310537","2329","",8,0.524412296564195,4.48275862068965,"< 5 %"
"Roeleke","Insectivorous bats form mobile sensory networks to optimize prey localization:","Nyctalus noctula","female","adult",53.348847,13.777486,"Dedelow Uckermark",2020-07-23,"ATLAS, TAU",1.3,29,54,NA,"","",NA,"farmland",30,-32,30,32,49,32,5,1.5,13,2.8,"movebank, 1285310540","2332","",8,0.537037037037037,4.48275862068965,"< 5 %"
"Roeleke","Insectivorous bats form mobile sensory networks to optimize prey localization:","Nyctalus noctula","female","adult",53.348847,13.777486,"Dedelow Uckermark",2020-07-23,"ATLAS, TAU",1.3,28.5,53.8,NA,"","",NA,"farmland",6,-48,6,17,33,17,3,1.6,9,1.8,"movebank, 1285310541","2337","",8,0.529739776951673,4.56140350877193,"< 5 %"
"Roeleke","Insectivorous bats form mobile sensory networks to optimize prey localization:","Nyctalus noctula","female","adult",53.348847,13.777486,"Dedelow Uckermark",2020-07-23,"ATLAS, TAU",1.3,30,54.5,NA,"","",NA,"farmland",13,-47,13,57,50,57,12,2.3,10,3.6,"movebank, 1285310543","2342","",8,0.55045871559633,4.33333333333333,"< 5 %"
"Roeleke","Insectivorous bats form mobile sensory networks to optimize prey localization:","Nyctalus noctula","female","adult",53.348847,13.777486,"Dedelow Uckermark",2020-07-23,"ATLAS, TAU",1.3,34,54.6,NA,"","",NA,"farmland",32,3,32,45,17,45,7,1.6,5,2.5,"movebank, 1285310544","2344","",8,0.622710622710623,3.82352941176471,"< 5 %"
"Roeleke","Insectivorous bats form mobile sensory networks to optimize prey localization:","Nyctalus noctula","female","adult",53.348847,13.777486,"Dedelow Uckermark",2020-07-23,"ATLAS, TAU",1.3,29.5,55,NA,"","",NA,"farmland",10,-49,10,59,27,59,13,1.7,10,6.5,"movebank, 1285310545","2345","",8,0.536363636363636,4.40677966101695,"< 5 %"
"Roeleke","Insectivorous bats form mobile sensory networks to optimize prey localization:","Nyctalus noctula","female","adult",53.348847,13.777486,"Dedelow Uckermark",2020-07-23,"ATLAS, TAU",1.3,30,54.7,NA,"","",NA,"farmland",40,-25,40,25,48,25,4,1.7,9,1.9,"movebank, 1285310547","2347","",8,0.548446069469835,4.33333333333333,"< 5 %"
"Roeleke","Insectivorous bats form mobile sensory networks to optimize prey localization:","Nyctalus noctula","female","adult",53.348847,13.777486,"Dedelow Uckermark",2020-07-23,"ATLAS, TAU",1.3,32.5,54.3,NA,"","",NA,"farmland",11,-49,11,77,94,77,19,3.6,23,4.6,"movebank, 1285310548","2348","",8,0.598526703499079,4,"< 5 %"
"Roeleke","Insectivorous bats form mobile sensory networks to optimize prey localization:","Nyctalus noctula","female","adult",53.348847,13.777486,"Dedelow Uckermark",2020-07-23,"ATLAS, TAU",1.3,30.5,55.4,NA,"","",NA,"farmland",53,-29,53,18,27,18,3,1.5,3,1.3,"movebank, 1285310549","2349","",8,0.550541516245487,4.26229508196721,"< 5 %"
"Roeleke","Insectivorous bats form mobile sensory networks to optimize prey localization:","Nyctalus noctula","female","adult",53.348847,13.777486,"Dedelow Uckermark",2020-07-23,"ATLAS, TAU",1.3,30,54.8,NA,"","",NA,"farmland",16,NA,16,26,NA,26,3,1.4,NA,NA,"movebank, 1285310550","2353","",8,0.547445255474453,4.33333333333333,"< 5 %"
"Roeleke","Insectivorous bats form mobile sensory networks to optimize prey localization:","Nyctalus noctula","female","adult",53.348847,13.777486,"Dedelow Uckermark",2020-07-23,"ATLAS, TAU",1.3,30,53.7,NA,"","",NA,"farmland",39,NA,39,26,NA,26,8,2.8,NA,NA,"movebank, 1285310553","2357","",8,0.558659217877095,4.33333333333333,"< 5 %"
"Roeleke","Insectivorous bats form mobile sensory networks to optimize prey localization:","Nyctalus noctula","female","adult",53.348847,13.777486,"Dedelow Uckermark",2020-07-23,"ATLAS, TAU",1.3,31,53,NA,"","",NA,"farmland",58,-18,58,17,52,17,5,1.9,13,2.8,"movebank, 1285310554","2358","",8,0.584905660377358,4.19354838709677,"< 5 %"
"Roeleke","Insectivorous bats form mobile sensory networks to optimize prey localization:","Nyctalus noctula","female","adult",53.348847,13.777486,"Dedelow Uckermark",2020-07-23,"ATLAS, TAU",1.3,30,57.1,NA,"","",NA,"farmland",54,36,54,30,11,30,8,4.6,4,1.2,"movebank, 1285310555","2359","",8,0.525394045534151,4.33333333333333,"< 5 %"
"Roeleke","Insectivorous bats form mobile sensory networks to optimize prey localization:","Nyctalus noctula","female","adult",53.348847,13.777486,"Dedelow Uckermark",2020-07-23,"ATLAS, TAU",1.3,32.5,54.8,NA,"","",NA,"farmland",30,NA,30,37,NA,37,6,1.3,NA,NA,"movebank, 1285310558","2367","",8,0.593065693430657,4,"< 5 %"
"Roeleke","Insectivorous bats form mobile sensory networks to optimize prey localization:","Nyctalus noctula","female","adult",53.348847,13.777486,"Dedelow Uckermark",2020-07-23,"ATLAS, TAU",1.3,33,57.5,NA,"","",NA,"farmland",30,NA,30,37,NA,37,11,4.5,NA,NA,"movebank, 1285310561","2372","",8,0.573913043478261,3.93939393939394,"< 5 %"
"Roeleke","Insectivorous bats form mobile sensory networks to optimize prey localization:","Nyctalus noctula","female","adult",53.348847,13.777486,"Dedelow Uckermark",2018-05-12,"ATLAS, TAU",1.35,32.5,55.5,NA,"","",NA,"farmland",17,NA,17,58,NA,58,12,2.5,NA,NA,"movebank, 1285310497","2026","",8,0.585585585585586,4.15384615384615,"< 5 %"
"Roeleke","Insectivorous bats form mobile sensory networks to optimize prey localization:","Nyctalus noctula","female","adult",53.348847,13.777486,"Dedelow Uckermark",2018-05-12,"ATLAS, TAU",1.35,35,55,NA,"","",NA,"farmland",21,18,21,90,28,90,17,2.8,7,4.8,"movebank, 1285310498","2027","",8,0.636363636363636,3.85714285714286,"< 5 %"
"Roeleke","Insectivorous bats form mobile sensory networks to optimize prey localization:","Nyctalus noctula","female","adult",53.348847,13.777486,"Dedelow Uckermark",2018-05-12,"ATLAS, TAU",1.35,32,54.3,NA,"","",NA,"farmland",19,21,19,50,16,50,12,3.1,6,2.9,"movebank, 1285310499","2032","",8,0.589318600368324,4.21875,"< 5 %"
"Roeleke","Insectivorous bats form mobile sensory networks to optimize prey localization:","Nyctalus noctula","female","adult",53.348847,13.777486,"Dedelow Uckermark",2018-05-12,"ATLAS, TAU",1.35,33,55.7,NA,"","",NA,"farmland",13,20,13,121,28,121,31,5.4,8,2.5,"movebank, 1285310500","2036","",8,0.59245960502693,4.09090909090909,"< 5 %"
"Roeleke","Insectivorous bats form mobile sensory networks to optimize prey localization:","Nyctalus noctula","female","adult",53.348847,13.777486,"Dedelow Uckermark",2018-05-12,"ATLAS, TAU",1.35,31.5,55.5,NA,"","",NA,"farmland",17,NA,17,37,NA,37,8,2.8,NA,NA,"movebank, 1285310501","2040","",8,0.567567567567568,4.28571428571429,"< 5 %"
"Roeleke","Insectivorous bats form mobile sensory networks to optimize prey localization:","Nyctalus noctula","female","adult",53.348847,13.777486,"Dedelow Uckermark",2018-05-12,"ATLAS, TAU",1.35,34.5,53.4,NA,"","",NA,"farmland",30,42,30,59,60,59,11,3.1,10,2.6,"movebank, 1285310502","2042","",8,0.646067415730337,3.91304347826087,"< 5 %"
"Roeleke","Insectivorous bats form mobile sensory networks to optimize prey localization:","Nyctalus noctula","female","adult",53.348847,13.777486,"Dedelow Uckermark",2018-05-12,"ATLAS, TAU",1.35,34,56.3,NA,"","",NA,"farmland",17,NA,17,75,NA,75,15,3.9,NA,NA,"movebank, 1285310503","2044","",8,0.603907637655417,3.97058823529412,"< 5 %"
"Reusch","unpublished","Nyctalus noctula","female","subadult",52.441123,11.192462,"Calvoerde Saxony-Anhalt",2019-07-26,"nanoFix GPS Pathtrack",1.55,26.9,55.9,26.6,"","",6,"farmland",NA,NA,NA,NA,NA,NA,NA,NA,NA,NA,"not uploaded yet","A131623/21337","not published",60,0.481216457960644,5.76208178438662,"5 to < 10 %"
"Reusch","Wind energy production in forests conflicts with tree-roosting bats","Nyctalus noctula","female","adult",51.9652933,14.0267549,"Spreewald near Luebben",2019-08-05,"nanoFix GPS Pathtrack",2.1,30.4,53.9,29.1,"","",7,"forest",10.61666667,NA,10.61666667,NA,NA,NA,NA,2.60343,NA,NA,"not uploaded yet","A157085/21527","published soon",60,0.564007421150278,6.90789473684211,"5 to < 10 %"
"Reusch","Wind energy production in forests conflicts with tree-roosting bats","Nyctalus noctula","male","adult",51.9531384,14.0071972,"Spreewald near Luebben",2019-08-12,"nanoFix GPS Pathtrack",2.1,36.7,53,31.6,"","",7,"forest",71.5,NA,71.5,NA,NA,NA,NA,2.54904,NA,NA,"not uploaded yet","A160822/21593","published soon",60,0.692452830188679,5.72207084468665,"5 to < 10 %"
"Reusch","Wind energy production in forests conflicts with tree-roosting bats","Nyctalus noctula","male","adult",51.977371,14.085834,"Spreewald near Luebben",2020-05-25,"nanoFix GPS Pathtrack",2.1,27.4,53.9,27,"","",8,"forest",NA,NA,NA,NA,NA,NA,NA,NA,NA,NA,"not uploaded yet","A165458/21527","published soon",60,0.50834879406308,7.66423357664234,"5 to < 10 %"
"Reusch","Wind energy production in forests conflicts with tree-roosting bats","Nyctalus noctula","male","adult",51.983806,14.129301,"Spreewald near Luebben",2020-06-09,"nanoFix GPS Pathtrack",2.1,24.5,52.4,24,"","",6,"forest",NA,7.683333333,8,NA,NA,NA,NA,NA,NA,7.07695,"not uploaded yet","A165479/21606","published soon",60,0.467557251908397,8.57142857142857,"5 to < 10 %"
"Reusch","Wind energy production in forests conflicts with tree-roosting bats","Nyctalus noctula","female","subadult",51.98635,14.117483,"Spreewald near Luebben",2020-08-03,"nanoFix GPS Pathtrack",2.17,26.1,52.4,24.7,"","",10,"forest",NA,26.88333333,27,NA,NA,NA,NA,NA,NA,1.75053,"not uploaded yet","A167581/21519","published soon",60,0.498091603053435,8.31417624521073,"5 to < 10 %"
"Reusch","Wind energy production in forests conflicts with tree-roosting bats","Nyctalus noctula","male","adult",51.9649002,13.9545971,"Spreewald near Luebben",2019-06-04,"nanoFix GPS Pathtrack",2.2,28.2,53.9,NA,"","",4,"forest",15.46666667,23.43333333,15.46666667,NA,NA,NA,NA,6.80955,NA,6.66322,"not uploaded yet","A156114/21551","",60,0.523191094619666,7.80141843971631,"5 to < 10 %"
"Reusch","Wind energy production in forests conflicts with tree-roosting bats","Nyctalus noctula","male","adult",51.9556245,13.9496216,"Spreewald near Luebben",2019-06-04,"nanoFix GPS Pathtrack",2.2,29.1,52.85,NA,"","",2,"forest",7.5,-18.46666667,7.5,NA,NA,NA,NA,0.71618,NA,1.71835,"not uploaded yet","A148302/21626","",60,0.550614947965941,7.56013745704467,"5 to < 10 %"
"Reusch","Wind energy production in forests conflicts with tree-roosting bats","Nyctalus noctula","male","adult",51.9691627,13.9400545,"Spreewald near Luebben",2019-06-04,"nanoFix GPS Pathtrack",2.2,28,53.1,26.05,"","",9,"forest",2.316666667,13.31666667,2.316666667,NA,NA,NA,NA,4.11208,NA,4.58692,"not uploaded yet","A156116/21624","published soon",60,0.527306967984934,7.85714285714286,"5 to < 10 %"
"Reusch","Wind energy production in forests conflicts with tree-roosting bats","Nyctalus noctula","female","adult",51.9652933,14.0267549,"Spreewald near Luebben",2019-08-05,"nanoFix GPS Pathtrack",2.2,32.2,52.6,NA,"","",14,"forest",14.61666667,NA,14.61666667,NA,NA,NA,NA,4.77612,NA,NA,"not uploaded yet","A157084/21529","",60,0.612167300380228,6.83229813664596,"5 to < 10 %"
"Reusch","Wind energy production in forests conflicts with tree-roosting bats","Nyctalus noctula","female","adult",51.9652933,14.0267549,"Spreewald near Luebben",2019-08-05,"nanoFix GPS Pathtrack",2.2,26.5,53.3,25.6,"","",2,"forest",11.6,70.26666667,11.6,NA,NA,NA,NA,8.93506,NA,7.6094,"not uploaded yet","A157086/21551","published soon",60,0.49718574108818,8.30188679245283,"5 to < 10 %"
"Reusch","Wind energy production in forests conflicts with tree-roosting bats","Nyctalus noctula","female","adult",51.9652933,14.0267549,"Spreewald near Luebben",2019-08-05,"nanoFix GPS Pathtrack",2.2,31.3,53.3,29.8,"","",4,"forest",10.46666667,12.18333333,10.46666667,NA,NA,NA,NA,5.62975,NA,2.14272,"not uploaded yet","A144187/21624","published soon",60,0.587242026266417,7.02875399361022,"5 to < 10 %"
"Reusch","Wind energy production in forests conflicts with tree-roosting bats","Nyctalus noctula","male","adult",51.994311,14.106929,"Spreewald near Luebben",2020-06-02,"nanoFix GPS Pathtrack",2.2,25.2,52.6,25.9,"","",3,"forest",NA,-1.95,-2,NA,NA,NA,NA,NA,NA,2.7082,"not uploaded yet","A165462/21529","published soon",60,0.479087452471483,8.73015873015873,"5 to < 10 %"
"Reusch","Wind energy production in forests conflicts with tree-roosting bats","Nyctalus noctula","male","adult",51.994311,14.106929,"Spreewald near Luebben",2020-06-05,"nanoFix GPS Pathtrack",2.2,25.1,53.6,24.4,"","",4,"forest",NA,53.18333333,54,NA,NA,NA,NA,NA,NA,2.66765,"not uploaded yet","A165471/21551","published soon",60,0.468283582089552,8.76494023904383,"5 to < 10 %"
"Reusch","Wind energy production in forests conflicts with tree-roosting bats","Nyctalus noctula","male","adult",51.994311,14.106929,"Spreewald near Luebben",2020-06-05,"nanoFix GPS Pathtrack",2.2,27.9,53.8,26.3,"","",3,"forest",NA,41.1,41,NA,NA,NA,NA,NA,NA,8.84074,"not uploaded yet","A165474/21562","published soon",60,0.518587360594795,7.88530465949821,"5 to < 10 %"
"Reusch","Wind energy production in forests conflicts with tree-roosting bats","Nyctalus noctula","male","adult",51.994164,14.097129,"Spreewald near Luebben",2020-06-08,"nanoFix GPS Pathtrack",2.2,27.5,53.7,28,"","",3,"forest",NA,4.25,4,NA,NA,NA,NA,NA,NA,1.99317,"not uploaded yet","A165475/21626","published soon",60,0.512104283054004,8,"5 to < 10 %"
"Reusch","Wind energy production in forests conflicts with tree-roosting bats","Nyctalus noctula","male","adult",51.983806,14.129301,"Spreewald near Luebben",2020-06-09,"nanoFix GPS Pathtrack",2.2,26.5,52.2,NA,"","",8,"forest",NA,16.76666667,17,NA,NA,NA,NA,NA,NA,1.53547,"not uploaded yet","A165478/21519","",60,0.507662835249042,8.30188679245283,"5 to < 10 %"
"Reusch","Wind energy production in forests conflicts with tree-roosting bats","Nyctalus noctula","male","adult",51.968295,14.099954,"Spreewald near Luebben",2020-08-14,"nanoFix GPS Pathtrack",2.2,32.5,53.3,30.1,"","",3,"forest",NA,31.16666667,32,NA,NA,NA,NA,NA,NA,0.6018,"not uploaded yet","A167631/21625","published soon",60,0.609756097560976,6.76923076923077,"5 to < 10 %"
"Reusch","Wind energy production in forests conflicts with tree-roosting bats","Nyctalus noctula","female","adult",51.98635,14.117483,"Spreewald near Luebben",2020-08-03,"nanoFix GPS Pathtrack",2.22,31,52.1,29.3,"","",5,"forest",NA,73.43333333,74,NA,NA,NA,NA,NA,NA,6.58321,"not uploaded yet","A167575/21626","published soon",60,0.595009596928983,7.16129032258065,"5 to < 10 %"
"Reusch","Wind energy production in forests conflicts with tree-roosting bats","Nyctalus noctula","male","adult",51.9649002,13.9545971,"Spreewald near Luebben",2019-06-04,"nanoFix GPS Pathtrack",2.23,34.2,54,30.5,"","",3,"forest",8.4,NA,8.4,NA,NA,NA,NA,6.3506,NA,NA,"not uploaded yet","A150029/21532","published soon",60,0.633333333333333,6.52046783625731,"5 to < 10 %"
"Reusch","Wind energy production in forests conflicts with tree-roosting bats","Nyctalus noctula","female","adult",51.983133,14.122367,"Spreewald near Luebben",2020-08-08,"nanoFix GPS Pathtrack",2.23,29.5,54.1,29.3,"","",5,"forest",NA,NA,NA,NA,NA,NA,NA,NA,NA,NA,"not uploaded yet","A167615/21606","published soon",60,0.545286506469501,7.55932203389831,"5 to < 10 %"
"Reusch","Wind energy production in forests conflicts with tree-roosting bats","Nyctalus noctula","male","adult",51.9993802,13.9359319,"Spreewald near Luebben",2019-06-20,"nanoFix GPS Pathtrack",2.25,30.89,53.5,30.4,"","",2,"forest",111.4833333,20.08333333,111.4833333,NA,NA,NA,NA,6.65875,NA,1.55652,"not uploaded yet","A156124/21610","published soon",60,0.577383177570093,7.28391065069602,"5 to < 10 %"
"Reusch","Wind energy production in forests conflicts with tree-roosting bats","Nyctalus noctula","male","adult",51.9993802,13.9359319,"Spreewald near Luebben",2019-06-20,"nanoFix GPS Pathtrack",2.25,27.7,53.04,27.5,"","",4,"forest",108.4,NA,108.4,NA,NA,NA,NA,1.83882,NA,NA,"not uploaded yet","A156127/21539","published soon",60,0.522247360482655,8.12274368231047,"5 to < 10 %"
"Reusch","Wind energy production in forests conflicts with tree-roosting bats","Nyctalus noctula","male","subadult",51.98635,14.117483,"Spreewald near Luebben",2020-08-03,"nanoFix GPS Pathtrack",2.25,27.1,52.7,25.3,"","",3,"forest",NA,36.63333333,37,NA,NA,NA,NA,NA,NA,5.00091,"not uploaded yet","A167582/21527","published soon",60,0.514231499051233,8.30258302583026,"5 to < 10 %"
"Reusch","Wind energy production in forests conflicts with tree-roosting bats","Nyctalus noctula","male","adult",51.983,14.07975,"Spreewald near Luebben",2020-08-08,"nanoFix GPS Pathtrack",2.25,39.7,53.4,38.5,"","",3,"forest",NA,33.21666667,33,NA,NA,NA,NA,NA,NA,0.84477,"not uploaded yet","A167612/21574","published soon",60,0.743445692883895,5.66750629722922,"5 to < 10 %"
"Reusch","Wind energy production in forests conflicts with tree-roosting bats","Nyctalus noctula","female","subadult",51.98635,14.117483,"Spreewald near Luebben",2020-08-03,"nanoFix GPS Pathtrack",2.29,25.3,53,24.1,"","",3,"forest",NA,32.28333333,32,NA,NA,NA,NA,NA,NA,4.83421,"not uploaded yet","A167579/21624","published soon",60,0.477358490566038,9.05138339920949,"5 to < 10 %"
"Reusch","Wind energy production in forests conflicts with tree-roosting bats","Nyctalus noctula","female","subadult",51.983,14.07975,"Spreewald near Luebben",2020-08-08,"nanoFix GPS Pathtrack",2.29,28.6,55.3,26.6,"","",6,"forest",NA,48.41666667,48,NA,NA,NA,NA,NA,NA,6.96344,"not uploaded yet","A167609/21546","published soon",60,0.517179023508137,8.00699300699301,"5 to < 10 %"
"Reusch","Wind energy production in forests conflicts with tree-roosting bats","Nyctalus noctula","male","adult",52.0006081,14.0192631,"Spreewald near Luebben",2019-06-14,"nanoFix GPS Pathtrack",2.3,29,53.5,27.6,"","",3,"forest",-5.7,19.5,-5.7,NA,NA,NA,NA,8.64396,NA,0.70665,"not uploaded yet","A156122/21606","published soon",60,0.542056074766355,7.93103448275862,"5 to < 10 %"
"Reusch","Wind energy production in forests conflicts with tree-roosting bats","Nyctalus noctula","male","adult",51.9650731,14.0149873,"Spreewald near Luebben",2019-06-14,"nanoFix GPS Pathtrack",2.3,25.3,54.4,24.7,"","",3,"forest",33.48333333,27.83333333,33.48333333,NA,NA,NA,NA,5.9247,NA,3.20726,"not uploaded yet","A156000/21527","published soon",60,0.465073529411765,9.09090909090909,"5 to < 10 %"
"Reusch","Wind energy production in forests conflicts with tree-roosting bats","Nyctalus noctula","male","adult",51.9982843,13.9303073,"Spreewald near Luebben",2019-06-17,"nanoFix GPS Pathtrack",2.3,28.4,55,29.6,"","",5,"forest",122.4333333,NA,122.4333333,NA,NA,NA,NA,2.51524,NA,NA,"not uploaded yet","A142027/21562","published soon",60,0.516363636363636,8.09859154929578,"5 to < 10 %"
"Reusch","Wind energy production in forests conflicts with tree-roosting bats","Nyctalus noctula","male","adult",51.9982843,13.9303073,"Spreewald near Luebben",2019-06-17,"nanoFix GPS Pathtrack",2.3,28.3,54.1,29.1,"","",3,"forest",114.5166667,19.95,114.5166667,NA,NA,NA,NA,7.14071,NA,2.65073,"not uploaded yet","A142026/21529","published soon",60,0.523105360443623,8.12720848056537,"5 to < 10 %"
"Reusch","Wind energy production in forests conflicts with tree-roosting bats","Nyctalus noctula","female","adult",51.9652933,14.0267549,"Spreewald near Luebben",2019-08-05,"nanoFix GPS Pathtrack",2.3,29.3,54.9,26.5,"","",8,"forest",17.61666667,NA,17.61666667,NA,NA,NA,NA,5.41209,NA,NA,"not uploaded yet","A157082/21626","published soon",60,0.533697632058288,7.84982935153583,"5 to < 10 %"
"Reusch","Wind energy production in forests conflicts with tree-roosting bats","Nyctalus noctula","female","adult",51.9652933,14.0267549,"Spreewald near Luebben",2019-08-05,"nanoFix GPS Pathtrack",2.3,28,54.9,26.2,"","",4,"forest",10.51666667,12.33333333,10.51666667,NA,NA,NA,NA,8.36757,NA,7.28504,"not uploaded yet","A157083/21625","published soon",60,0.510018214936248,8.21428571428571,"5 to < 10 %"
"Reusch","Wind energy production in forests conflicts with tree-roosting bats","Nyctalus noctula","female","adult",51.9652933,14.0267549,"Spreewald near Luebben",2019-08-05,"nanoFix GPS Pathtrack",2.3,29.4,55.4,27.4,"","",3,"forest",29.63333333,NA,29.63333333,NA,NA,NA,NA,6.79792,NA,NA,"not uploaded yet","A156119/21604","published soon",60,0.530685920577617,7.82312925170068,"5 to < 10 %"
"Reusch","Wind energy production in forests conflicts with tree-roosting bats","Nyctalus noctula","female","adult",51.9652933,14.0267549,"Spreewald near Luebben",2019-08-05,"nanoFix GPS Pathtrack",2.3,30.4,53.1,29.3,"","",4,"forest",10.56666667,13.36666667,10.56666667,NA,NA,NA,NA,2.28885,NA,4.66359,"not uploaded yet","A150128/21566","published soon",60,0.572504708097928,7.56578947368421,"5 to < 10 %"
"Reusch","Wind energy production in forests conflicts with tree-roosting bats","Nyctalus noctula","female","adult",51.9652933,14.0267549,"Spreewald near Luebben",2019-08-05,"nanoFix GPS Pathtrack",2.3,30.2,53,28.8,"","",2,"forest",11.58333333,12.3,11.58333333,NA,NA,NA,NA,13.33779,NA,5.39264,"not uploaded yet","A156118/21562","published soon",60,0.569811320754717,7.6158940397351,"5 to < 10 %"
"Reusch","Wind energy production in forests conflicts with tree-roosting bats","Nyctalus noctula","female","adult",51.9652933,14.0267549,"Spreewald near Luebben",2019-08-05,"nanoFix GPS Pathtrack",2.3,26,53.3,25,"","",2,"forest",10.65,NA,10.65,NA,NA,NA,NA,1.66483,NA,NA,"not uploaded yet","A157087/21610","published soon",60,0.487804878048781,8.84615384615384,"5 to < 10 %"
"Reusch","Wind energy production in forests conflicts with tree-roosting bats","Nyctalus noctula","male","adult",52.0036582,13.9867688,"Spreewald near Luebben",2019-08-12,"nanoFix GPS Pathtrack",2.3,36.2,52.9,NA,"","",10,"forest",6.283333333,5.316666667,6.283333333,NA,NA,NA,NA,2.28597,NA,3.78803,"not uploaded yet","A148250/21546","",60,0.684310018903592,6.35359116022099,"5 to < 10 %"
"Reusch","Wind energy production in forests conflicts with tree-roosting bats","Nyctalus noctula","male","subadult",51.9653974,14.0276752,"Spreewald near Luebben",2019-08-12,"nanoFix GPS Pathtrack",2.3,26.3,54.1,23.1,"","",10,"forest",160.5333333,NA,160.5333333,NA,NA,NA,NA,3.79315,NA,NA,"not uploaded yet","A160839/21606","published soon",60,0.486136783733826,8.74524714828897,"5 to < 10 %"
"Reusch","Wind energy production in forests conflicts with tree-roosting bats","Nyctalus noctula","male","adult",51.9652605,13.9388264,"Spreewald near Luebben",2019-08-13,"nanoFix GPS Pathtrack",2.3,33.2,52.1,28.7,"","",8,"forest",1.033333333,-28,1.033333333,NA,NA,NA,NA,2.42911,NA,4.80358,"not uploaded yet","A157032/21549","published soon",60,0.637236084452975,6.92771084337349,"5 to < 10 %"
"Reusch","Wind energy production in forests conflicts with tree-roosting bats","Nyctalus noctula","male","adult",51.9648777,13.9546142,"Spreewald near Luebben",2019-08-13,"nanoFix GPS Pathtrack",2.3,32.3,52.2,29.1,"","",2,"forest",5.95,NA,5.95,NA,NA,NA,NA,4.32255,NA,NA,"not uploaded yet","A160848/21604","published soon",60,0.618773946360153,7.12074303405573,"5 to < 10 %"
"Reusch","Wind energy production in forests conflicts with tree-roosting bats","Nyctalus noctula","male","adult",51.9685183,13.9578077,"Spreewald near Luebben",2019-08-13,"nanoFix GPS Pathtrack",2.3,34.2,55.7,31.6,"","",8,"forest",-3.95,-31.86666667,-3.95,NA,NA,NA,NA,2.22811,NA,1.97761,"not uploaded yet","A156052/21519","published soon",60,0.614003590664273,6.72514619883041,"5 to < 10 %"
"Reusch","Wind energy production in forests conflicts with tree-roosting bats","Nyctalus noctula","male","adult",51.987013,14.086176,"Spreewald near Luebben",2020-06-02,"nanoFix GPS Pathtrack",2.3,27.5,53.8,27.5,"","",3,"forest",NA,27.15,27,NA,NA,NA,NA,NA,NA,11.09529,"not uploaded yet","A165463/21715","published soon",60,0.511152416356877,8.36363636363636,"5 to < 10 %"
"Reusch","Wind energy production in forests conflicts with tree-roosting bats","Nyctalus noctula","male","adult",51.978145,14.09377,"Spreewald near Luebben",2020-06-02,"nanoFix GPS Pathtrack",2.3,32.6,55,29.1,"","",9,"forest",NA,6.233333333,6,NA,NA,NA,NA,NA,NA,3.98087,"not uploaded yet","A152552/21723","published soon",60,0.592727272727273,7.05521472392638,"5 to < 10 %"
"Reusch","Wind energy production in forests conflicts with tree-roosting bats","Nyctalus noctula","male","adult",51.999038,14.105436,"Spreewald near Luebben",2020-06-04,"nanoFix GPS Pathtrack",2.3,26.5,51.1,24.1,"","",4,"forest",NA,-12.75,-13,NA,NA,NA,NA,NA,NA,2.63359,"not uploaded yet","A165465/21803","published soon",60,0.518590998043053,8.67924528301887,"5 to < 10 %"
"Reusch","Wind energy production in forests conflicts with tree-roosting bats","Nyctalus noctula","male","adult",51.994311,14.106929,"Spreewald near Luebben",2020-06-05,"nanoFix GPS Pathtrack",2.3,26,54.4,25.8,"","",6,"forest",NA,34.11666667,34,NA,NA,NA,NA,NA,NA,2.93565,"not uploaded yet","A165469/21716","published soon",60,0.477941176470588,8.84615384615384,"5 to < 10 %"
"Reusch","Wind energy production in forests conflicts with tree-roosting bats","Nyctalus noctula","male","adult",51.994311,14.106929,"Spreewald near Luebben",2020-06-05,"nanoFix GPS Pathtrack",2.3,25.5,53.1,25.9,"","",6,"forest",NA,28.21666667,28,NA,NA,NA,NA,NA,NA,4.49272,"not uploaded yet","A165470/21546","published soon",60,0.480225988700565,9.01960784313725,"5 to < 10 %"
"Reusch","Wind energy production in forests conflicts with tree-roosting bats","Nyctalus noctula","male","adult",51.994311,14.106929,"Spreewald near Luebben",2020-06-05,"nanoFix GPS Pathtrack",2.3,26.5,52.5,26,"","",3,"forest",NA,41.03333333,41,NA,NA,NA,NA,NA,NA,3.56708,"not uploaded yet","A165473/21574","published soon",60,0.504761904761905,8.67924528301887,"5 to < 10 %"
"Reusch","Wind energy production in forests conflicts with tree-roosting bats","Nyctalus noctula","male","adult",51.99528,14.096073,"Spreewald near Luebben",2020-06-08,"nanoFix GPS Pathtrack",2.3,26.5,55.6,NA,"","",3,"forest",NA,10.6,11,NA,NA,NA,NA,NA,NA,1.71889,"not uploaded yet","A165477/21725","",60,0.476618705035971,8.67924528301887,"5 to < 10 %"
"Reusch","Wind energy production in forests conflicts with tree-roosting bats","Nyctalus noctula","male","adult",51.983806,14.129301,"Spreewald near Luebben",2020-06-09,"nanoFix GPS Pathtrack",2.3,24.1,53.8,NA,"","",15,"forest",NA,14.65,15,NA,NA,NA,NA,NA,NA,3.92875,"not uploaded yet","A165480/21532","",60,0.447955390334573,9.54356846473029,"5 to < 10 %"
"Reusch","Wind energy production in forests conflicts with tree-roosting bats","Nyctalus noctula","male","adult",51.976808,14.095542,"Spreewald near Luebben",2020-06-11,"nanoFix GPS Pathtrack",2.3,29,53.5,30,"","",5,"forest",NA,-0.816666667,-1,NA,NA,NA,NA,NA,NA,2.59871,"not uploaded yet","A165493/21761","published soon",60,0.542056074766355,7.93103448275862,"5 to < 10 %"
"Reusch","Wind energy production in forests conflicts with tree-roosting bats","Nyctalus noctula","male","adult",51.98635,14.117483,"Spreewald near Luebben",2020-08-03,"nanoFix GPS Pathtrack",2.3,27.2,52.2,26.2,"","",5,"forest",NA,70.38333333,70,NA,NA,NA,NA,NA,NA,7.36165,"not uploaded yet","A167578/21529","published soon",60,0.521072796934866,8.45588235294118,"5 to < 10 %"
"Reusch","Wind energy production in forests conflicts with tree-roosting bats","Nyctalus noctula","male","adult",51.98635,14.117483,"Spreewald near Luebben",2020-08-03,"nanoFix GPS Pathtrack",2.3,31.6,52.5,28,"","",4,"forest",NA,68.56666667,69,NA,NA,NA,NA,NA,NA,4.36117,"not uploaded yet","A167580/21532","published soon",60,0.601904761904762,7.27848101265823,"5 to < 10 %"
"Reusch","Wind energy production in forests conflicts with tree-roosting bats","Nyctalus noctula","female","adult",51.968295,14.099954,"Spreewald near Luebben",2020-08-14,"nanoFix GPS Pathtrack",2.3,27.1,52,26.8,"","",3,"forest",NA,31.06666667,31,NA,NA,NA,NA,NA,NA,3.49573,"not uploaded yet","A167632/21532","published soon",60,0.521153846153846,8.48708487084871,"5 to < 10 %"
"Reusch","Wind energy production in forests conflicts with tree-roosting bats","Nyctalus noctula","female","adult",51.98635,14.117483,"Spreewald near Luebben",2020-08-03,"nanoFix GPS Pathtrack",2.35,30.5,56,31,"","",8,"forest",NA,22.36666667,22,NA,NA,NA,NA,NA,NA,2.22495,"not uploaded yet","A167577/21768","published soon",60,0.544642857142857,7.70491803278689,"5 to < 10 %"
"Reusch","Wind energy production in forests conflicts with tree-roosting bats","Nyctalus noctula","female","adult",51.983133,14.122367,"Spreewald near Luebben",2020-08-08,"nanoFix GPS Pathtrack",2.35,28.7,53.6,28.3,"","",3,"forest",NA,NA,NA,NA,NA,NA,NA,NA,NA,NA,"not uploaded yet","A167614/21761","published soon",60,0.53544776119403,8.18815331010453,"5 to < 10 %"
"Reusch","Wind energy production in forests conflicts with tree-roosting bats","Nyctalus noctula","male","subadult",51.98635,14.117483,"Spreewald near Luebben",2020-08-03,"nanoFix GPS Pathtrack",2.36,25.7,52,25.1,"","",3,"forest",NA,57.58333333,58,NA,NA,NA,NA,NA,NA,9.95241,"not uploaded yet","A167574/21725","published soon",60,0.494230769230769,9.18287937743191,"5 to < 10 %"
"Reusch","Wind energy production in forests conflicts with tree-roosting bats","Nyctalus noctula","male","adult",51.9691627,13.9400545,"Spreewald near Luebben",2019-06-04,"nanoFix GPS Pathtrack",2.4,27.8,53.4,25.8,"","",3,"forest",9.316666667,5.3,9.316666667,NA,NA,NA,NA,3.35331,NA,3.74357,"not uploaded yet","A156069/21596","published soon",60,0.52059925093633,8.63309352517986,"5 to < 10 %"
"Reusch","Wind energy production in forests conflicts with tree-roosting bats","Nyctalus noctula","male","adult",51.987013,14.086176,"Spreewald near Luebben",2020-06-02,"nanoFix GPS Pathtrack",2.4,28.3,53.5,27.9,"","",3,"forest",NA,29.2,29,NA,NA,NA,NA,NA,NA,8.53285,"not uploaded yet","A165461/21768","published soon",60,0.528971962616822,8.48056537102473,"5 to < 10 %"
"Reusch","Wind energy production in forests conflicts with tree-roosting bats","Nyctalus noctula","male","adult",51.994311,14.106929,"Spreewald near Luebben",2020-06-05,"nanoFix GPS Pathtrack",2.4,28.3,52.1,26.8,"","",3,"forest",NA,15.28333333,15,NA,NA,NA,NA,NA,NA,0.45621,"not uploaded yet","A165467/21762","published soon",60,0.543186180422265,8.48056537102473,"5 to < 10 %"
"Reusch","Wind energy production in forests conflicts with tree-roosting bats","Nyctalus noctula","male","subadult",51.98635,14.117483,"Spreewald near Luebben",2020-08-03,"nanoFix GPS Pathtrack",2.4,26,52.8,24.8,"","",3,"forest",NA,32.6,33,NA,NA,NA,NA,NA,NA,5.47023,"not uploaded yet","A167584/21762","published soon",60,0.492424242424242,9.23076923076923,"5 to < 10 %"
"Roeleke","Habitat use of bats in relation to wind turbines revealed by GPS tracking","Nyctalus noctula","male","adult",53.372703,14.048077,"Carmzow Uckermark",2014-06-09,"Robin GPS, CellGuide / Lucid",3.4,37,55.5,34.5,"","",6,"farmland",-10,19,-10,28,58,28,6,1.4,14.2,3.2,"movebank, 137082593","102175","",30,0.666666666666667,9.18918918918919,"5 to < 10 %"
"Roeleke","Aerial-hawking bats adjust their use of space to the lunar cycle","Nyctalus noctula","male","adult",52.222985,13.754206,"Prieros",2015-07-02,"Robin GPS, CellGuide / Lucid",3.4,30.5,53.4,27,"","",9,"forest",22,NA,22,80,NA,80,24,0.7,NA,NA,"movebank,  297041945","A132503","",15,0.571161048689139,11.1475409836066,"10 to < 15 %"
"Roeleke","Aerial-hawking bats adjust their use of space to the lunar cycle","Nyctalus noctula","female","adult",52.222985,13.754206,"Prieros",2015-07-02,"Robin GPS, CellGuide / Lucid",3.4,35,54.3,29,"","",7,"forest",33,NA,33,53,NA,53,15,1.3,NA,NA,"movebank,  297041945","A132504","",15,0.644567219152855,9.71428571428571,"5 to < 10 %"
"Roeleke","Aerial-hawking bats adjust their use of space to the lunar cycle","Nyctalus noctula","male","adult",52.222985,13.754206,"Prieros",2015-07-02,"Robin GPS, CellGuide / Lucid",3.4,33.5,53,30.5,"","",4,"forest",298,38,298,17,51,17,6,2.2,14,2.4,"movebank,  297041946","A132518","",15,0.632075471698113,10.1492537313433,"10 to < 15 %"
"Roeleke","Aerial-hawking bats adjust their use of space to the lunar cycle","Nyctalus noctula","male","adult",52.222985,13.754206,"Prieros",2015-07-06,"Robin GPS, CellGuide / Lucid",3.4,32,52,27.5,"","",3,"forest",84,55,84,173,12,173,47,2.5,3,0.6,"movebank,  297041947","A132536","",15,0.615384615384615,10.625,"10 to < 15 %"
"Roeleke","Aerial-hawking bats adjust their use of space to the lunar cycle","Nyctalus noctula","female","adult",52.222985,13.754206,"Prieros",2015-07-16,"Robin GPS, CellGuide / Lucid",3.4,30,55,33,"","",3,"forest",27,47,27,117,137,117,44,2.2,46,1.8,"movebank,  297041948","A132542","",15,0.545454545454545,11.3333333333333,"10 to < 15 %"
"Roeleke","Aerial-hawking bats adjust their use of space to the lunar cycle","Nyctalus noctula","male","adult",52.222985,13.754206,"Prieros",2016-07-28,"Robin GPS, CellGuide / Lucid",3.4,32,52.8,30,"30.07.2016","",2,"forest",36,NA,36,60,NA,60,21,3.7,NA,NA,"movebank,  297041949","A132670","",15,0.606060606060606,10.625,"10 to < 15 %"
"Roeleke","Aerial-hawking bats adjust their use of space to the lunar cycle","Nyctalus noctula","female","adult",52.222985,13.754206,"Prieros",2015-07-16,"Robin GPS, CellGuide / Lucid",3.4,31,54.1,31,"","",3,"forest",44,58,44,162,112,162,52,4.2,39,3.6,"movebank,  297041950","A132704","",15,0.573012939001848,10.9677419354839,"10 to < 15 %"
"Roeleke","Aerial-hawking bats adjust their use of space to the lunar cycle","Nyctalus noctula","female","adult",52.222985,13.754206,"Prieros",2015-07-11,"Robin GPS, CellGuide / Lucid",3.4,28,54.3,NA,"","",NA,"forest",28,NA,28,67,NA,67,21,1.6,NA,NA,"movebank,  297041951","A132722","",15,0.515653775322284,12.1428571428571,"10 to < 15 %"
"Roeleke","Aerial-hawking bats adjust their use of space to the lunar cycle","Nyctalus noctula","female","adult",52.222985,13.754206,"Prieros",2015-07-11,"Robin GPS, CellGuide / Lucid",3.4,26.5,53.5,27.5,"","",5,"forest",26,NA,26,80,NA,80,27,2.1,NA,NA,"movebank,  297041952","A132726","",15,0.495327102803738,12.8301886792453,"10 to < 15 %"
"Roeleke","Habitat use of bats in relation to wind turbines revealed by GPS tracking","Nyctalus noctula","male","adult",53.372703,14.048077,"Carmzow Uckermark",2014-06-15,"Robin GPS, CellGuide / Lucid",3.5,31,54.6,32,"","",7,"farmland",30,NA,30,89,NA,89,19,6.9,NA,NA,"movebank, 137082593","114922","",30,0.567765567765568,11.2903225806452,"10 to < 15 %"
"Roeleke","Habitat use of bats in relation to wind turbines revealed by GPS tracking","Nyctalus noctula","male","adult",53.372703,14.048077,"Carmzow Uckermark",2014-06-15,"Robin GPS, CellGuide / Lucid",3.5,30.5,54.2,30.5,"","",7,"farmland",17,8,17,63,75,63,11,4.1,17.6,4.8,"movebank, 137082593","114801","",30,0.562730627306273,11.4754098360656,"10 to < 15 %"
"Roeleke","Habitat use of bats in relation to wind turbines revealed by GPS tracking","Nyctalus noctula","male","adult",53.372703,14.048077,"Carmzow Uckermark",2014-06-15,"Robin GPS, CellGuide / Lucid",3.5,30.5,53.6,31.5,"","",7,"farmland",NA,NA,NA,NA,NA,NA,NA,NA,NA,NA,"movebank, 137082593","51574","first flight recorded five days after tagging",30,0.569029850746269,11.4754098360656,"10 to < 15 %"
"Reusch","Coastal onshore wind turbines lead to habitat loss for bats in Northern Germany","Nyctalus noctula","female","adult",53.61449,7.398331,"Norden Lower Saxony",2020-08-16,"Vesper GPS, ASD",3.61,33,54.2,25,"","",13,"farmland",NA,32.15,32,NA,NA,NA,NA,NA,NA,7.19717,"not uploaded yet","N3/1B50024E","published",30,0.608856088560886,10.9393939393939,"10 to < 15 %"
"Reusch","Coastal onshore wind turbines lead to habitat loss for bats in Northern Germany","Nyctalus noctula","male","adult",53.61449,7.398331,"Norden Lower Saxony",2020-08-15,"Vesper GPS, ASD",3.61,29,55.1,NA,"","",2,"farmland",266.1666667,9.416666667,266.1666667,NA,NA,NA,NA,2.3777,NA,6.04499,"not uploaded yet","N4/1950614E","",30,0.526315789473684,12.448275862069,"10 to < 15 %"
"Reusch","Coastal onshore wind turbines lead to habitat loss for bats in Northern Germany","Nyctalus noctula","male","adult",53.61449,7.398331,"Norden Lower Saxony",2020-08-15,"Vesper GPS, ASD",3.61,31,50.3,25.5,"","",3,"farmland",NA,55.3,55,NA,NA,NA,NA,NA,NA,6.47476,"not uploaded yet","N6/1850784E","published",30,0.616302186878728,11.6451612903226,"10 to < 15 %"
"Reusch","Coastal onshore wind turbines lead to habitat loss for bats in Northern Germany","Nyctalus noctula","male","adult",53.5888828,7.4000095,"Norden Lower Saxony",2020-08-27,"Vesper GPS, ASD",3.61,39,52.3,32.3,"","",5,"farmland",NA,41.81666667,42,NA,NA,NA,NA,NA,NA,4.08998,"not uploaded yet","N16/2150024E","published",30,0.745697896749522,9.25641025641026,"5 to < 10 %"
"Reusch","Coastal onshore wind turbines lead to habitat loss for bats in Northern Germany","Nyctalus noctula","female","adult",53.5888828,7.4000095,"Norden Lower Saxony",2020-08-27,"Vesper GPS, ASD",3.69,31.5,54.27,30.5,"","",4,"farmland",178.4166667,45.4,178.4166667,NA,NA,NA,NA,8.23446,NA,7.11599,"not uploaded yet","N17/1850714E","published",30,0.580431177446103,11.7142857142857,"10 to < 15 %"
"Roeleke","Habitat use of bats in relation to wind turbines revealed by GPS tracking","Nyctalus noctula","female","adult",53.372703,14.048077,"Carmzow Uckermark",2014-07-18,"Robin GPS, CellGuide / Lucid",3.7,37,54.3,35,"","",7,"farmland",19,17,19,99,109,99,23,8.2,31.8,10.9,"movebank, 137082593","69879","",30,0.681399631675875,10,"10 to < 15 %"
"Roeleke","Habitat use of bats in relation to wind turbines revealed by GPS tracking","Nyctalus noctula","female","adult",53.372703,14.048077,"Carmzow Uckermark",2014-07-18,"Robin GPS, CellGuide / Lucid",3.7,37,56.4,34,"","",7,"farmland",36,33,36,94,119,94,17,4.3,27.2,6.3,"movebank, 137082593","91881","",30,0.656028368794326,10,"10 to < 15 %"
"Roeleke","Habitat use of bats in relation to wind turbines revealed by GPS tracking","Nyctalus noctula","female","adult",53.372703,14.048077,"Carmzow Uckermark",2014-07-18,"Robin GPS, CellGuide / Lucid",3.7,34.5,55.8,33,"","",7,"farmland",21,20,21,128,145,128,32,8.2,42.6,13.7,"movebank, 137082593","108006","",30,0.618279569892473,10.7246376811594,"10 to < 15 %"
"Reusch","Coastal onshore wind turbines lead to habitat loss for bats in Northern Germany","Nyctalus noctula","female","adult",53.6189952,7.3944318,"Norden Lower Saxony",2020-08-18,"Vesper GPS, ASD",3.7,32,51.65,26.6,"","",3,"farmland",152.45,41.31666667,152.45,NA,NA,NA,NA,4.72507,NA,4.06455,"not uploaded yet","N13/2250674E","published",30,0.619554695062923,11.5625,"10 to < 15 %"
"Reusch","Coastal onshore wind turbines lead to habitat loss for bats in Northern Germany","Nyctalus noctula","male","adult",53.6143177,7.4000524,"Norden Lower Saxony",2020-08-17,"Vesper GPS, ASD",3.71,32,51.73,30.8,"","",2,"farmland",158.6333333,33.45,158.6333333,NA,NA,NA,NA,3.34703,NA,5.81474,"not uploaded yet","N12/2650044E","published",30,0.61859655905664,11.59375,"10 to < 15 %"
"Stidsholt","in preperation","Nyctalus noctula","male","adult",54.0993499,12.1313286,"Rostock Mecklenburg-Western Pomerania",2020-06-09,"Vesper GPS, ASD",3.75,23.7,52.3,25.75,"","",8,"urban",3.316666667,13.11666667,3.316666667,NA,NA,NA,NA,3.77145,NA,2.81088,"not uploaded yet","MR12/2050024E","not published",30,0.453154875717017,15.8227848101266,"> 15 %"
"Reusch","Coastal onshore wind turbines lead to habitat loss for bats in Northern Germany","Nyctalus noctula","female","adult",53.61449,7.398331,"Norden Lower Saxony",2020-08-15,"Vesper GPS, ASD",3.78,32,52.1,24.8,"","",16,"farmland",NA,42.16666667,42,NA,NA,NA,NA,NA,NA,6.59087,"not uploaded yet","N8/26507C4E","published",30,0.614203454894434,11.8125,"10 to < 15 %"
"Stidsholt","in preperation","Nyctalus noctula","male","adult",54.0997022,12.1315586,"Rostock Mecklenburg-Western Pomerania",2020-06-09,"Vesper GPS, ASD",3.78,27.2,53.2,NA,"","",3,"urban",13.06666667,11.23333333,13.06666667,NA,NA,NA,NA,1.83146,NA,2.45026,"not uploaded yet","MR7/2750714E","not published",30,0.511278195488722,13.8970588235294,"10 to < 15 %"
"Reusch","Coastal onshore wind turbines lead to habitat loss for bats in Northern Germany","Nyctalus noctula","male","adult",53.61449,7.398331,"Norden Lower Saxony",2020-08-15,"Vesper GPS, ASD",3.79,35,51.4,31.5,"","",3,"farmland",NA,23.03333333,23,NA,NA,NA,NA,NA,NA,4.9462,"not uploaded yet","N7/26507B4E","published",30,0.680933852140078,10.8285714285714,"10 to < 15 %"
"Stidsholt","in preperation","Nyctalus noctula","male","adult",54.1396016,12.1472412,"Rostock Mecklenburg-Western Pomerania",2020-06-09,"Vesper GPS, ASD",3.79,25.7,52.2,24.5,"","",4,"urban",14.21666667,1.333333333,14.21666667,NA,NA,NA,NA,2.55407,NA,2.26998,"not uploaded yet","MR4/40500E4E","not published",30,0.492337164750958,14.7470817120623,"10 to < 15 %"
"Stidsholt","in preperation","Nyctalus noctula","male","adult",54.0993499,12.1313286,"Rostock Mecklenburg-Western Pomerania",2020-06-10,"Vesper GPS, ASD",3.8,NA,NA,NA,"","",2,"urban",-10.55,-2.75,-10.55,NA,NA,NA,NA,3.34057,NA,1.65324,"not uploaded yet","MR13/2650604E","not published",30,NA,NA,"NA"
"Reusch","Coastal onshore wind turbines lead to habitat loss for bats in Northern Germany","Nyctalus noctula","female","adult",53.61449,7.398331,"Norden Lower Saxony",2020-08-16,"Vesper GPS, ASD",3.81,32,51.7,25.3,"","",11,"farmland",NA,32.63333333,33,NA,NA,NA,NA,NA,NA,1.94704,"not uploaded yet","N10/21507B4E","published",30,0.618955512572534,11.90625,"10 to < 15 %"
"Reusch","Coastal onshore wind turbines lead to habitat loss for bats in Northern Germany","Nyctalus noctula","male","adult",53.61449,7.398331,"Norden Lower Saxony",2020-08-16,"Vesper GPS, ASD",3.82,31,52.9,27.13,"","",5,"farmland",NA,33.66666667,34,NA,NA,NA,NA,NA,NA,20.42113,"not uploaded yet","N11/1950674E","published",30,0.586011342155009,12.3225806451613,"10 to < 15 %"
"Voigt","Movement responses of common noctule bats to the illuminated urban landscape","Nyctalus noctula","male","adult",52.547391,13.532654,"Marzahn Berlin",2015-09-02,"Robin GPS, CellGuide / Lucid",3.9,NA,NA,NA,"","",NA,"urban",15,NA,15,41.5,NA,41.5,10,2.9,NA,NA,"dryad data?","R02","",30,NA,NA,"NA"
"Voigt","Movement responses of common noctule bats to the illuminated urban landscape","Nyctalus noctula","male","adult",52.547391,13.532654,"Marzahn Berlin",2015-09-02,"Robin GPS, CellGuide / Lucid",3.9,NA,NA,NA,"","",NA,"urban",17,NA,17,24.48333333,NA,24.48333333,5.6,2.4,NA,NA,"dryad data?","R03","",30,NA,NA,"NA"
"Voigt","Movement responses of common noctule bats to the illuminated urban landscape","Nyctalus noctula","male","adult",52.547391,13.532654,"Marzahn Berlin",2015-06-24,"Robin GPS, CellGuide / Lucid",3.9,NA,NA,NA,"","",NA,"urban",198,NA,198,71.25,NA,71.25,13.6,5.1,NA,NA,"dryad data?","R01","",30,NA,NA,"NA"
"Roeleke","Habitat use of bats in relation to wind turbines revealed by GPS tracking","Nyctalus noctula","male","adult",53.372703,14.048077,"Carmzow Uckermark",2014-05-23,"Robin GPS, CellGuide / Lucid",4.2,31,53.9,NA,"","",NA,"farmland",53,NA,53,9,NA,9,3,1,NA,NA,"movebank, 137082593","114867","",30,0.575139146567718,13.5483870967742,"10 to < 15 %"
"Roeleke","Landscape structure influences the use of social information in an insectivorous bat","Nyctalus noctula","male","subadult",53.348847,13.777486,"Dedelow Uckermark",2016-07-22,"Vesper GPS, ASD",4.5,30.5,54,27,"","",13,"farmland",42,NA,42,71,NA,71,23,3.1,NA,NA,"movebank,  622521340","A133679_220716","",31,0.564814814814815,14.7540983606557,"10 to < 15 %"
"Roeleke","Landscape structure influences the use of social information in an insectivorous bat","Nyctalus noctula","male","subadult",53.348847,13.777486,"Dedelow Uckermark",2016-07-22,"Vesper GPS, ASD",4.5,29.5,53,29.5,"","",2,"farmland",37,NA,37,105,NA,105,49,6.2,NA,NA,"movebank,  622521340","A133680_220716","",31,0.556603773584906,15.2542372881356,"> 15 %"
"Roeleke","Landscape structure influences the use of social information in an insectivorous bat","Nyctalus noctula","female","subadult",53.348847,13.777486,"Dedelow Uckermark",2016-07-24,"Vesper GPS, ASD",4.5,28.5,54.3,28,"","",2,"farmland",24,NA,24,164,NA,164,65,4,NA,NA,"movebank,  622521341","A133687_240716","",31,0.524861878453039,15.7894736842105,"> 15 %"
"Roeleke","Landscape structure influences the use of social information in an insectivorous bat","Nyctalus noctula","female","subadult",53.348847,13.777486,"Dedelow Uckermark",2016-07-24,"Vesper GPS, ASD",4.5,30,54,28,"","",2,"farmland",117,NA,117,92,NA,92,43,3.6,NA,NA,"movebank,  622521342","A133688_240716","",31,0.555555555555556,15,"> 15 %"
"Roeleke","Landscape structure influences the use of social information in an insectivorous bat","Nyctalus noctula","female","subadult",53.348847,13.777486,"Dedelow Uckermark",2016-07-24,"Vesper GPS, ASD",4.5,29,54.5,27,"","",4,"farmland",122,NA,122,107,NA,107,55,3.1,NA,NA,"movebank,  622521343","A133689_240716","",31,0.532110091743119,15.5172413793103,"> 15 %"
"Roeleke","Landscape structure influences the use of social information in an insectivorous bat","Nyctalus noctula","female","subadult",53.348847,13.777486,"Dedelow Uckermark",2016-07-24,"Vesper GPS, ASD",4.5,27.5,54,28,"","",2,"farmland",94,NA,94,85,NA,85,30,5.1,NA,NA,"movebank,  622521344","A133690_240716","",31,0.509259259259259,16.3636363636364,"> 15 %"
"Roeleke","Landscape structure influences the use of social information in an insectivorous bat","Nyctalus noctula","male","subadult",52.222985,13.754206,"Prieros",2017-08-01,"Vesper GPS, ASD",4.5,31,55.4,29,"","",2,"forest",6,NA,6,85,NA,85,45,6.4,NA,NA,"movebank,  622521345","A137363_010817","",31,0.55956678700361,14.5161290322581,"10 to < 15 %"
"Roeleke","Landscape structure influences the use of social information in an insectivorous bat","Nyctalus noctula","female","subadult",52.222985,13.754206,"Prieros",2017-08-01,"Vesper GPS, ASD",4.5,29.5,52,28,"","",3,"forest",12,NA,12,192,NA,192,106,7.4,NA,NA,"movebank,  622521346","A137369_010817","",31,0.567307692307692,15.2542372881356,"> 15 %"
"Roeleke","Landscape structure influences the use of social information in an insectivorous bat","Nyctalus noctula","male","subadult",52.222985,13.754206,"Prieros",2017-08-01,"Vesper GPS, ASD",4.5,27.5,52,26,"","",2,"forest",5,NA,5,103,NA,103,45,5.3,NA,NA,"movebank,  622521347","A137396_010817","",31,0.528846153846154,16.3636363636364,"> 15 %"
"Roeleke","Landscape structure influences the use of social information in an insectivorous bat","Nyctalus noctula","male","subadult",52.222985,13.754206,"Prieros",2017-08-03,"Vesper GPS, ASD",4.5,28.5,53.5,28.5,"","",1,"forest",21,NA,21,189,NA,189,151,32.3,NA,NA,"movebank,  622521348","A143507_030817","",31,0.532710280373832,15.7894736842105,"> 15 %"
"Roeleke","Landscape structure influences the use of social information in an insectivorous bat","Nyctalus noctula","male","subadult",52.222985,13.754206,"Prieros",2017-08-01,"Vesper GPS, ASD",4.5,29,51.2,27,"","",3,"forest",13,NA,13,124,NA,124,59,6.4,NA,NA,"movebank,  622521349","A143508_010817","",31,0.56640625,15.5172413793103,"> 15 %"
"Roeleke","Landscape structure influences the use of social information in an insectivorous bat","Nyctalus noctula","male","subadult",52.222985,13.754206,"Prieros",2017-08-01,"Vesper GPS, ASD",4.5,29.5,55.1,28.5,"","",2,"forest",8,NA,8,227,NA,227,173,33.8,NA,NA,"movebank,  622521350","A143521_010817","",31,0.535390199637024,15.2542372881356,"> 15 %"
"Roeleke","Landscape structure influences the use of social information in an insectivorous bat","Nyctalus noctula","male","subadult",52.222985,13.754206,"Prieros",2017-08-01,"Vesper GPS, ASD",4.5,31,53.5,29,"","",3,"forest",11,NA,11,146,NA,146,77,10.3,NA,NA,"movebank,  622521351","A143525_010817","",31,0.579439252336449,14.5161290322581,"10 to < 15 %"
"Roeleke","Landscape structure influences the use of social information in an insectivorous bat","Nyctalus noctula","male","subadult",52.222985,13.754206,"Prieros",2017-08-03,"Vesper GPS, ASD",4.5,30.5,55.3,30,"","",2,"forest",51,NA,51,48,NA,48,23,1.7,NA,NA,"movebank,  622521352","A143538_030817","",31,0.551537070524412,14.7540983606557,"10 to < 15 %"
"Roeleke","Landscape structure influences the use of social information in an insectivorous bat","Nyctalus noctula","male","subadult",52.222985,13.754206,"Prieros",2018-07-16,"Vesper GPS, ASD",4.5,29.5,53.7,28,"","",3,"forest",-33,NA,-33,398,NA,398,31,5.3,NA,NA,"movebank,  622521353","A143675_160718","",31,0.549348230912477,15.2542372881356,"> 15 %"
"Roeleke","Landscape structure influences the use of social information in an insectivorous bat","Nyctalus noctula","female","subadult",52.222985,13.754206,"Prieros",2018-07-16,"Vesper GPS, ASD",4.5,29,53.6,28.5,"","",2,"forest",20,NA,20,312,NA,312,43,4.3,NA,NA,"movebank,  622521354","A143676_160718","",31,0.541044776119403,15.5172413793103,"> 15 %"
"Roeleke","Landscape structure influences the use of social information in an insectivorous bat","Nyctalus noctula","male","subadult",52.222985,13.754206,"Prieros",2018-07-16,"Vesper GPS, ASD",4.5,26.5,54,26.5,"","",1,"forest",-5,NA,-5,393,NA,393,35,4.3,NA,NA,"movebank,  622521355","A143681_160718","",31,0.490740740740741,16.9811320754717,"> 15 %"
"Roeleke","Landscape structure influences the use of social information in an insectivorous bat","Nyctalus noctula","female","subadult",52.222985,13.754206,"Prieros",2018-07-16,"Vesper GPS, ASD",4.5,28.5,53.6,29.5,"","",1,"forest",-24,NA,-24,356,NA,356,33,2.7,NA,NA,"movebank,  622521356","A143683_160718","",31,0.531716417910448,15.7894736842105,"> 15 %"
"Roeleke","Landscape structure influences the use of social information in an insectivorous bat","Nyctalus noctula","female","subadult",53.348847,13.777486,"Dedelow Uckermark",2018-07-21,"Vesper GPS, ASD",4.5,26,54.5,24.5,"","",1,"farmland",36,NA,36,192,NA,192,49,9.2,NA,NA,"movebank,  622521357","f02_210718","",31,0.477064220183486,17.3076923076923,"> 15 %"
"Roeleke","Landscape structure influences the use of social information in an insectivorous bat","Nyctalus noctula","female","subadult",53.348847,13.777486,"Dedelow Uckermark",2018-07-21,"Vesper GPS, ASD",4.5,26.5,54.6,24,"","",1,"farmland",29,NA,29,103,NA,103,25,3.5,NA,NA,"movebank,  622521358","f04_210718","",31,0.485347985347985,16.9811320754717,"> 15 %"
"Roeleke","Landscape structure influences the use of social information in an insectivorous bat","Nyctalus noctula","female","subadult",53.348847,13.777486,"Dedelow Uckermark",2018-07-21,"Vesper GPS, ASD",4.5,27,55.6,25.5,"","",1,"farmland",41,NA,41,164,NA,164,46,6,NA,NA,"movebank,  622521359","f05_210718","",31,0.485611510791367,16.6666666666667,"> 15 %"
"Roeleke","Landscape structure influences the use of social information in an insectivorous bat","Nyctalus noctula","male","subadult",53.348847,13.777486,"Dedelow Uckermark",2018-07-21,"Vesper GPS, ASD",4.5,28.5,57,28,"","",1,"farmland",30,NA,30,173,NA,173,58,6.9,NA,NA,"movebank,  622521360","f06_210718","",31,0.5,15.7894736842105,"> 15 %"
"Roeleke","Landscape structure influences the use of social information in an insectivorous bat","Nyctalus noctula","female","subadult",53.348847,13.777486,"Dedelow Uckermark",2018-07-21,"Vesper GPS, ASD",4.5,26.5,53.7,25,"","",1,"farmland",24,NA,24,38,NA,38,10,3.9,NA,NA,"movebank,  622521361","f08_210718","",31,0.493482309124767,16.9811320754717,"> 15 %"
"Roeleke","Landscape structure influences the use of social information in an insectivorous bat","Nyctalus noctula","male","subadult",53.348847,13.777486,"Dedelow Uckermark",2018-07-21,"Vesper GPS, ASD",4.5,26,54,24,"","",1,"farmland",23,NA,23,125,NA,125,35,4.4,NA,NA,"movebank,  622521362","f23_210718","",31,0.481481481481481,17.3076923076923,"> 15 %"
"Roeleke","Landscape structure influences the use of social information in an insectivorous bat","Nyctalus noctula","female","subadult",53.348847,13.777486,"Dedelow Uckermark",2018-07-21,"Vesper GPS, ASD",4.5,26,54.8,25.5,"","",1,"farmland",26,NA,26,112,NA,112,29,5.3,NA,NA,"movebank,  622521363","f26_210718","",31,0.474452554744526,17.3076923076923,"> 15 %"
"Roeleke","Landscape structure influences the use of social information in an insectivorous bat","Nyctalus noctula","female","subadult",53.348847,13.777486,"Dedelow Uckermark",2018-07-21,"Vesper GPS, ASD",4.5,26.5,55,25,"","",1,"farmland",28,NA,28,91,NA,91,25,5.2,NA,NA,"movebank,  622521364","f28_210718","",31,0.481818181818182,16.9811320754717,"> 15 %"
"Roeleke","Landscape structure influences the use of social information in an insectivorous bat","Nyctalus noctula","male","subadult",53.348847,13.777486,"Dedelow Uckermark",2018-07-21,"Vesper GPS, ASD",4.5,29,54.8,29,"","",1,"farmland",20,NA,20,143,NA,143,49,9.8,NA,NA,"movebank,  622521365","f31_210718","",31,0.529197080291971,15.5172413793103,"> 15 %"
"Voigt","Movement responses of common noctule bats to the illuminated urban landscape","Nyctalus noctula","male","adult",52.547391,13.532654,"Marzahn Berlin",2018-08-29,"Vesper GPS, ASD",4.5,29,55.7,29,"30.08.2018","11:00",1,"urban",NA,NA,NA,NA,NA,NA,NA,NA,NA,NA,"","E449569","",30,0.52064631956912,15.5172413793103,"> 15 %"
"Voigt","Movement responses of common noctule bats to the illuminated urban landscape","Nyctalus noctula","male","adult",52.547391,13.532654,"Marzahn Berlin",2018-08-29,"Vesper GPS, ASD",4.5,29,51,30,"30.08.2018","11:30",1,"urban",NA,NA,NA,NA,NA,NA,NA,NA,NA,NA,"","E442066","",30,0.568627450980392,15.5172413793103,"> 15 %"
"Voigt","Movement responses of common noctule bats to the illuminated urban landscape","Nyctalus noctula","male","adult",52.547391,13.532654,"Marzahn Berlin",2018-08-29,"Vesper GPS, ASD",4.5,29,53.6,29.5,"30.08.2018","12:30",1,"urban",NA,NA,NA,NA,NA,NA,NA,NA,NA,NA,"","E442051","no data",30,0.541044776119403,15.5172413793103,"> 15 %"
"Voigt","Movement responses of common noctule bats to the illuminated urban landscape","Nyctalus noctula","male","adult",52.547391,13.532654,"Marzahn Berlin",2018-08-29,"Vesper GPS, ASD",4.5,30,50.7,28,"30.08.2018","12:30",1,"urban",NA,NA,NA,NA,NA,NA,NA,NA,NA,NA,"","E442060","",30,0.591715976331361,15,"> 15 %"
"Voigt","Movement responses of common noctule bats to the illuminated urban landscape","Nyctalus noctula","male","adult",52.547391,13.532654,"Marzahn Berlin",2018-08-30,"Vesper GPS, ASD",4.5,29.5,51.3,27,"31.08.2018","14:00",1,"urban",NA,NA,NA,NA,NA,NA,NA,NA,NA,NA,"","E442046","",30,0.57504873294347,15.2542372881356,"> 15 %"
"Voigt","Movement responses of common noctule bats to the illuminated urban landscape","Nyctalus noctula","male","adult",52.547391,13.532654,"Marzahn Berlin",2018-08-30,"Vesper GPS, ASD",4.5,31,51.5,29,"03.09.2018","11:00",4,"urban",NA,NA,NA,NA,NA,NA,NA,NA,NA,NA,"","E449580","",30,0.601941747572815,14.5161290322581,"10 to < 15 %"
"Voigt","Movement responses of common noctule bats to the illuminated urban landscape","Nyctalus noctula","male","adult",52.547391,13.532654,"Marzahn Berlin",2018-08-30,"Vesper GPS, ASD",4.5,28.5,53.6,28,"31.08.2018","14:00",1,"urban",NA,NA,NA,NA,NA,NA,NA,NA,NA,NA,"","E449579","",30,0.531716417910448,15.7894736842105,"> 15 %"
"Voigt","Movement responses of common noctule bats to the illuminated urban landscape","Nyctalus noctula","male","adult",52.547391,13.532654,"Marzahn Berlin",2016-08-26,"Vesper GPS, ASD",4.9,28.5,52,NA,"30.08.2016","14:00",NA,"urban",59,NA,59,68.6,NA,68.6,17.7,5.7,NA,NA,"dryad data?","B25","nur logger",30,0.548076923076923,17.1929824561404,"> 15 %"
"Voigt","Movement responses of common noctule bats to the illuminated urban landscape","Nyctalus noctula","male","adult",52.547391,13.532654,"Marzahn Berlin",2016-08-16,"Vesper GPS, ASD",4.9,31.5,53,29.5,"18.08.2016","22:05",2,"urban",10,NA,10,75.55,NA,75.55,14.6,2.6,NA,NA,"dryad data?","B17, E435746","",30,0.594339622641509,15.5555555555556,"> 15 %"
"Voigt","Movement responses of common noctule bats to the illuminated urban landscape","Nyctalus noctula","male","adult",52.547391,13.532654,"Marzahn Berlin",2016-08-17,"Vesper GPS, ASD",4.9,30.5,52.5,26.5,"19.08.2016","21:50",2,"urban",53,NA,53,75.2,NA,75.2,13.7,1.2,NA,NA,"dryad data?","B15, E5436808","",30,0.580952380952381,16.0655737704918,"> 15 %"
"Voigt","Movement responses of common noctule bats to the illuminated urban landscape","Nyctalus noctula","male","subadult",52.547391,13.532654,"Marzahn Berlin",2016-08-16,"Vesper GPS, ASD",4.9,33.5,53.1,29.5,"18.08.2016","21:55",2,"urban",NA,NA,NA,NA,NA,NA,NA,NA,NA,NA,"","B18, E435750","keine tracking daten, nicht in die publikation mit eingeflossen",30,0.630885122410546,14.6268656716418,"10 to < 15 %"
"Voigt","Movement responses of common noctule bats to the illuminated urban landscape","Nyctalus noctula","male","adult",52.547391,13.532654,"Marzahn Berlin",2016-07-27,"Vesper GPS, ASD",4.9,33.7,55.7,30.5,"28.07.2016","21:30",1,"urban",22,NA,22,15.85,NA,15.85,4.3,1.1,NA,NA,"dryad data?","B11, A436735","",30,0.605026929982047,14.540059347181,"10 to < 15 %"
"Voigt","Movement responses of common noctule bats to the illuminated urban landscape","Nyctalus noctula","male","adult",52.547391,13.532654,"Marzahn Berlin",2016-07-27,"Vesper GPS, ASD",4.9,35.5,52.6,31.5,"28.07.2016","21:40",1,"urban",32,NA,32,11.08333333,NA,11.08333333,3,1.2,NA,NA,"dryad data?","B13, A436727","2nd_recap 16.08.2016 33,0g",30,0.674904942965779,13.8028169014085,"10 to < 15 %"
"Voigt","Movement responses of common noctule bats to the illuminated urban landscape","Nyctalus noctula","male","adult",52.547391,13.532654,"Marzahn Berlin",2016-07-27,"Vesper GPS, ASD",4.9,34,53.5,30,"28.07.2016","21:45",1,"urban",22,NA,22,31.2,NA,31.2,7.8,1.4,NA,NA,"dryad data?","B14, A436728","2nd_recap 16.08.2016 32,5g",30,0.635514018691589,14.4117647058824,"10 to < 15 %"
"Voigt","Movement responses of common noctule bats to the illuminated urban landscape","Nyctalus noctula","male","adult",52.547391,13.532654,"Marzahn Berlin",2016-07-22,"Vesper GPS, ASD",4.9,33,52.8,30.9,"25.07.2016","",3,"urban",NA,NA,NA,NA,NA,NA,NA,NA,NA,NA,"","B10, A435747","gps empty",30,0.625,14.8484848484848,"10 to < 15 %"
"Voigt","Movement responses of common noctule bats to the illuminated urban landscape","Nyctalus noctula","male","adult",52.547391,13.532654,"Marzahn Berlin",2016-08-16,"Vesper GPS, ASD",4.9,31.5,52.8,32,"17.08.2016","",1,"urban",NA,NA,NA,NA,NA,NA,NA,NA,NA,NA,"","B16, E435747","keine tracking daten, nicht in die publikation mit eingeflossen",30,0.596590909090909,15.5555555555556,"> 15 %"
"Voigt","Movement responses of common noctule bats to the illuminated urban landscape","Nyctalus noctula","male","adult",52.547391,13.532654,"Marzahn Berlin",2016-08-26,"Vesper GPS, ASD",4.9,29.5,52.1,28.5,"30.08.2016","",4,"urban",NA,NA,NA,NA,NA,NA,NA,NA,NA,NA,"","B26, E436985","keine tracking daten, nicht in die publikation mit eingeflossen",30,0.566218809980806,16.6101694915254,"> 15 %"
"Voigt","Movement responses of common noctule bats to the illuminated urban landscape","Nyctalus noctula","male","adult",52.547391,13.532654,"Marzahn Berlin",2017-08-15,"Vesper GPS, ASD",4.93,32.5,53.8,34,"16.08.2017","13:00",1,"urban",3,NA,3,35.78333333,NA,35.78333333,6.3,3.6,NA,NA,"dryad data?","E442052","",30,0.604089219330855,15.1692307692308,"> 15 %"
"Voigt","Movement responses of common noctule bats to the illuminated urban landscape","Nyctalus noctula","male","adult",52.547391,13.532654,"Marzahn Berlin",2017-08-15,"Vesper GPS, ASD",5,29,52,31,"16.08.2017","13:15",1,"urban",2,NA,2,13.21666667,NA,13.21666667,4.4,3,NA,NA,"dryad data?","E435805","",30,0.557692307692308,17.2413793103448,"> 15 %"
"Voigt","Movement responses of common noctule bats to the illuminated urban landscape","Nyctalus noctula","male","adult",52.547391,13.532654,"Marzahn Berlin",2017-07-22,"Vesper GPS, ASD",5,32,52.8,29.5,"29.07.2017","",7,"urban",NA,NA,NA,NA,NA,NA,NA,NA,NA,NA,"","E435747","",30,0.606060606060606,15.625,"> 15 %"
"Voigt","Movement responses of common noctule bats to the illuminated urban landscape","Nyctalus noctula","male","adult",52.547391,13.532654,"Marzahn Berlin",2017-08-02,"Vesper GPS, ASD",5.06,29,52.6,NA,"08.08.2017","13:30",NA,"urban",39,NA,39,45.4,NA,45.4,16.5,15.7,NA,NA,"dryad data?","BB15","nur logger",30,0.551330798479087,17.448275862069,"> 15 %"
"Voigt","Movement responses of common noctule bats to the illuminated urban landscape","Nyctalus noctula","male","adult",52.547391,13.532654,"Marzahn Berlin",2017-07-27,"Vesper GPS, ASD",5.07,27,53.5,26.5,"30.07.2017","20:15",3,"urban",37,NA,37,46.91666667,NA,46.91666667,12.1,6.5,NA,NA,"dryad data?","BM12 (E442054)","",30,0.504672897196262,18.7777777777778,"> 15 %"
"Voigt","Movement responses of common noctule bats to the illuminated urban landscape","Nyctalus noctula","male","adult",52.547391,13.532654,"Marzahn Berlin",2017-07-28,"Vesper GPS, ASD",5.09,31,52.8,29.5,"30.07.2017","21:15",2,"urban",46,NA,46,31.08333333,NA,31.08333333,7.5,2.6,NA,NA,"dryad data?","BM13","",30,0.587121212121212,16.4193548387097,"> 15 %"
"Voigt","Movement responses of common noctule bats to the illuminated urban landscape","Nyctalus noctula","male","adult",52.547391,13.532654,"Marzahn Berlin",2017-07-27,"Vesper GPS, ASD",5.15,26.5,53.5,26.5,"30.07.2017","21:15",3,"urban",39,NA,39,72.65,NA,72.65,24,9.2,NA,NA,"dryad data?","BM17 (E442055)","",30,0.495327102803738,19.4339622641509,"> 15 %"
"Voigt","Movement responses of common noctule bats to the illuminated urban landscape","Nyctalus noctula","male","adult",52.547391,13.532654,"Marzahn Berlin",2017-08-21,"Vesper GPS, ASD",5.17,31,53.3,NA,"28.08.2017","12:00",NA,"urban",34,NA,34,12.11666667,NA,12.11666667,3.1,2.4,NA,NA,"dryad data?","BM28","nur logger",30,0.581613508442777,16.6774193548387,"> 15 %"
"Voigt","Movement responses of common noctule bats to the illuminated urban landscape","Nyctalus noctula","male","adult",52.547391,13.532654,"Marzahn Berlin",2017-08-09,"Vesper GPS, ASD",5.28,28,52.1,26,"10.08.2017","20:35",1,"urban",26,NA,26,51.11666667,NA,51.11666667,13.6,14.8,NA,NA,"dryad data?","BB19","nur logger",30,0.53742802303263,18.8571428571429,"> 15 %"
"Voigt","Movement responses of common noctule bats to the illuminated urban landscape","Nyctalus noctula","male","adult",52.547391,13.532654,"Marzahn Berlin",2017-07-05,"Vesper GPS, ASD",5.29,33,54.2,29,"17.07.2017","21:40",12,"urban",51,NA,51,7.383333333,NA,7.383333333,2.3,2.1,NA,NA,"dryad data?","BM3 (E442044)","",30,0.608856088560886,16.030303030303,"> 15 %"
"Voigt","Movement responses of common noctule bats to the illuminated urban landscape","Nyctalus noctula","male","adult",52.547391,13.532654,"Marzahn Berlin",2017-07-27,"Vesper GPS, ASD",5.34,28,53.7,27.5,"30.07.2017","20:45",3,"urban",45,NA,45,151.9,NA,151.9,26.2,7.8,NA,NA,"dryad data?","BM8 (E435808)","",30,0.521415270018622,19.0714285714286,"> 15 %"
"Voigt","Movement responses of common noctule bats to the illuminated urban landscape","Nyctalus noctula","male","adult",52.547391,13.532654,"Marzahn Berlin",2017-07-05,"Vesper GPS, ASD",5.42,36.5,53.7,35,"12.07.2017","13:00",7,"urban",33,NA,33,27.93333333,NA,27.93333333,7.6,5.5,NA,NA,"dryad data?","BM6 (E449884)","",30,0.679702048417132,14.8493150684932,"10 to < 15 %"
